id;fontes;contrato;comp;emissao;venc_est;valor;situacao;prescrita;exigivel;tem_db;empenhos_qtd
88373;ABERTO+DB;081/2010;05/2015;02/06/2015;2015-07-02;104884,80;Suspenso;SIM;NAO;SIM;14
88593;ABERTO+DB;081/2010;06/2015;25/06/2015;2015-07-25;104884,80;Suspenso;SIM;NAO;SIM;14
89871;ABERTO+DB;116/2013;09/2015;28/09/2015;2015-10-28;56764,21;Suspenso;SIM;NAO;SIM;20
89900;ABERTO+DB;081/2010;09/2015;29/09/2015;2015-10-29;104884,80;Suspenso;SIM;NAO;SIM;14
90291;ABERTO+DB;116/2013;10/2015;27/10/2015;2015-11-26;56764,21;Suspenso;SIM;NAO;SIM;20
90389;ABERTO+DB;081/2010;10/2015;29/10/2015;2015-11-28;104884,80;Suspenso;SIM;NAO;SIM;14
90648;ABERTO+DB;002/2015;11/2015;25/11/2015;2015-12-25;21011,68;Suspenso;SIM;NAO;SIM;137
90644;ABERTO+DB;116/2013;11/2015;25/11/2015;2015-12-25;38949,96;Suspenso;SIM;NAO;SIM;20
90643;ABERTO+DB;116/2013;11/2015;25/11/2015;2015-12-25;56764,21;Suspenso;SIM;NAO;SIM;20
91122;ABERTO+DB;116/2013;12/2015;28/12/2015;2016-01-27;38949,96;Suspenso;SIM;NAO;SIM;20
91127;ABERTO+DB;002/2015;12/2015;28/12/2015;2016-01-27;21011,68;Suspenso;SIM;NAO;SIM;137
93732;ABERTO+DB;024/2016;07/2016;29/07/2016;2016-08-28;238723,03;Suspenso;SIM;NAO;SIM;14
93733;ABERTO+DB;024/2016;07/2016;29/07/2016;2016-08-28;57575,19;Suspenso;SIM;NAO;SIM;14
94457;ABERTO+DB;116/2013;09/2016;30/09/2016;2016-10-30;56764,21;Suspenso;SIM;NAO;SIM;20
94453;ABERTO+DB;116/2013;08/2016;30/09/2016;2016-10-30;56764,21;Suspenso;SIM;NAO;SIM;20
94455;ABERTO+DB;116/2013;08/2016;30/09/2016;2016-10-30;58301,61;Suspenso;SIM;NAO;SIM;20
94459;ABERTO+DB;116/2013;09/2016;30/09/2016;2016-10-30;58301,61;Suspenso;SIM;NAO;SIM;20
94458;ABERTO+DB;116/2013;09/2016;30/09/2016;2016-10-30;38949,96;Suspenso;SIM;NAO;SIM;20
94454;ABERTO+DB;116/2013;08/2016;30/09/2016;2016-10-30;38949,96;Suspenso;SIM;NAO;SIM;20
94827;ABERTO+DB;116/2013;10/2016;31/10/2016;2016-11-30;38949,96;Suspenso;SIM;NAO;SIM;20
94826;ABERTO+DB;116/2013;10/2016;31/10/2016;2016-11-30;56764,21;Suspenso;SIM;NAO;SIM;20
94828;ABERTO+DB;116/2013;10/2016;31/10/2016;2016-11-30;58301,61;Suspenso;SIM;NAO;SIM;20
95771;ABERTO+DB;248/2016;12/2016;29/12/2016;2017-01-28;38949,96;Suspenso;SIM;NAO;SIM;2
95773;ABERTO+DB;248/2016;11/2016;29/12/2016;2017-01-28;38949,96;Suspenso;SIM;NAO;SIM;2
95775;ABERTO+DB;248/2016;11/2016;29/12/2016;2017-01-28;58301,64;Suspenso;SIM;NAO;SIM;2
95789;ABERTO+DB;248/2016;12/2016;29/12/2016;2017-01-28;58301,64;Suspenso;SIM;NAO;SIM;2
96479;ABERTO+DB;248/2016;02/2017;22/02/2017;2017-03-24;58301,64;Suspenso;SIM;NAO;SIM;2
96478;ABERTO+DB;248/2016;02/2017;22/02/2017;2017-03-24;56764,21;Suspenso;SIM;NAO;SIM;2
96480;ABERTO+DB;248/2016;02/2017;22/02/2017;2017-03-24;38949,96;Suspenso;SIM;NAO;SIM;2
96575;ABERTO+DB;125/2016;02/2017;24/02/2017;2017-03-26;112899,15;Suspenso;SIM;NAO;SIM;2
96887;ABERTO+DB;248/2016;03/2017;28/03/2017;2017-04-27;58301,64;Suspenso;SIM;NAO;SIM;2
96953;ABERTO+DB;125/2016;03/2017;28/03/2017;2017-04-27;116763,54;Suspenso;SIM;NAO;SIM;2
96888;ABERTO+DB;248/2016;03/2017;28/03/2017;2017-04-27;38949,96;Suspenso;SIM;NAO;SIM;2
96886;ABERTO+DB;248/2016;03/2017;28/03/2017;2017-04-27;56764,21;Suspenso;SIM;NAO;SIM;2
97372;ABERTO+DB;125/2016;04/2017;26/04/2017;2017-05-26;87978,20;Suspenso;SIM;NAO;SIM;2
97369;ABERTO+DB;248/2016;04/2017;26/04/2017;2017-05-26;38949,96;Suspenso;SIM;NAO;SIM;2
97373;ABERTO+DB;125/2016;04/2017;26/04/2017;2017-05-26;22699,51;Suspenso;SIM;NAO;SIM;2
97370;ABERTO+DB;248/2016;04/2017;26/04/2017;2017-05-26;58301,64;Suspenso;SIM;NAO;SIM;2
97371;ABERTO+DB;248/2016;04/2017;26/04/2017;2017-05-26;56764,21;Suspenso;SIM;NAO;SIM;2
97942;ABERTO+DB;125/2016;05/2017;29/05/2017;2017-06-28;73266,06;Suspenso;SIM;NAO;SIM;2
97943;ABERTO+DB;248/2016;05/2017;29/05/2017;2017-06-28;56764,21;Suspenso;SIM;NAO;SIM;2
97944;ABERTO+DB;248/2016;05/2017;29/05/2017;2017-06-28;58301,64;Suspenso;SIM;NAO;SIM;2
97945;ABERTO+DB;248/2016;05/2017;29/05/2017;2017-06-28;38949,96;Suspenso;SIM;NAO;SIM;2
98320;ABERTO+DB;002/2015;06/2017;27/06/2017;2017-07-27;22858,60;Suspenso;SIM;NAO;SIM;137
98321;ABERTO+DB;002/2015;06/2017;27/06/2017;2017-07-27;120187,00;Suspenso;SIM;NAO;SIM;137
98319;ABERTO+DB;002/2015;06/2017;27/06/2017;2017-07-27;142812,78;Suspenso;SIM;NAO;SIM;137
98811;ABERTO+DB;002/2015;07/2017;28/07/2017;2017-08-27;84130,90;Suspenso;SIM;NAO;SIM;137
98746;ABERTO+DB;002/2015;07/2017;28/07/2017;2017-08-27;22858,60;Suspenso;SIM;NAO;SIM;137
98745;ABERTO+DB;002/2015;07/2017;28/07/2017;2017-08-27;142812,78;Suspenso;SIM;NAO;SIM;137
99269;ABERTO+DB;002/2015;08/2017;25/08/2017;2017-09-24;142812,78;Suspenso;SIM;NAO;SIM;137
99270;ABERTO+DB;002/2015;08/2017;25/08/2017;2017-09-24;22858,60;Suspenso;SIM;NAO;SIM;137
99271;ABERTO+DB;002/2015;08/2017;25/08/2017;2017-09-24;84130,90;Suspenso;SIM;NAO;SIM;137
99701;ABERTO+DB;002/2015;09/2017;25/09/2017;2017-10-25;142812,78;Suspenso;SIM;NAO;SIM;137
99703;ABERTO+DB;002/2015;09/2017;25/09/2017;2017-10-25;84130,90;Suspenso;SIM;NAO;SIM;137
99702;ABERTO+DB;002/2015;09/2017;25/09/2017;2017-10-25;22858,60;Suspenso;SIM;NAO;SIM;137
100205;ABERTO+DB;002/2015;10/2017;27/10/2017;2017-11-26;142812,78;Suspenso;SIM;NAO;SIM;137
100206;ABERTO+DB;002/2015;10/2017;27/10/2017;2017-11-26;22858,60;Suspenso;SIM;NAO;SIM;137
100207;ABERTO+DB;002/2015;10/2017;27/10/2017;2017-11-26;84130,90;Suspenso;SIM;NAO;SIM;137
100919;ABERTO+DB;002/2015;12/2017;05/12/2017;2018-01-04;142812,78;Suspenso;SIM;NAO;SIM;137
100920;ABERTO+DB;002/2015;12/2017;05/12/2017;2018-01-04;22858,60;Suspenso;SIM;NAO;SIM;137
100921;ABERTO+DB;002/2015;12/2017;05/12/2017;2018-01-04;120187,00;Suspenso;SIM;NAO;SIM;137
102109;ABERTO+DB;254/2017;02/2018;28/02/2018;2018-03-30;81848,55;Suspenso;SIM;NAO;SIM;1
122703;ABERTO+DB+GERAL;074/2021;01/2021;27/02/2021;2021-03-29;29001,42;Emitida;SIM;NAO;SIM;1
126765;ABERTO+DB+GERAL;074/2021;08/2021;31/08/2021;2021-09-30;139166,79;Emitida;NAO;SIM;SIM;4
126766;ABERTO+DB+GERAL;074/2021;08/2021;31/08/2021;2021-09-30;48637,50;Emitida;NAO;SIM;SIM;4
126768;ABERTO+DB+GERAL;074/2021;08/2021;31/08/2021;2021-09-30;32215,44;Emitida;NAO;SIM;SIM;4
127265;ABERTO+DB+GERAL;054/2018;09/2021;24/09/2021;2021-10-24;76101,17;Parc. Paga;NAO;SIM;SIM;61
137096;ABERTO+DB+GERAL;054/2018;11/2022;24/11/2022;2022-12-24;146012,35;Emitida;NAO;SIM;SIM;61
160750;ABERTO+DB+GERAL;018/2021;06/2025;26/06/2025;2025-07-26;49109,27;Emitida;NAO;SIM;SIM;150
160661;ABERTO+DB+GERAL;018/2021;06/2025;26/06/2025;2025-07-26;39664,57;Emitida;NAO;SIM;SIM;150
160614;ABERTO+DB+GERAL;018/2021;06/2025;26/06/2025;2025-07-26;9051,64;Emitida;NAO;SIM;SIM;150
160615;ABERTO+DB+GERAL;018/2021;06/2025;26/06/2025;2025-07-26;4856,38;Emitida;NAO;SIM;SIM;150
160660;ABERTO+DB+GERAL;018/2021;06/2025;26/06/2025;2025-07-26;10838,74;Emitida;NAO;SIM;SIM;150
160659;ABERTO+DB+GERAL;018/2021;06/2025;26/06/2025;2025-07-26;4264,40;Emitida;NAO;SIM;SIM;150
160784;ABERTO+DB+GERAL;018/2021;06/2025;30/06/2025;2025-07-30;14061,84;Emitida;NAO;SIM;SIM;150
160783;ABERTO+DB+GERAL;018/2021;06/2025;30/06/2025;2025-07-30;5316,29;Emitida;NAO;SIM;SIM;150
160785;ABERTO+DB+GERAL;018/2021;06/2025;30/06/2025;2025-07-30;64656,67;Emitida;NAO;SIM;SIM;150
160781;ABERTO+DB+GERAL;018/2021;06/2025;30/06/2025;2025-07-30;10836,76;Parc. Paga;NAO;SIM;SIM;150
160786;ABERTO+DB+GERAL;018/2021;06/2025;30/06/2025;2025-07-30;51804,33;Emitida;NAO;SIM;SIM;150
160780;ABERTO+DB+GERAL;018/2021;06/2025;30/06/2025;2025-07-30;6350,64;Emitida;NAO;SIM;SIM;150
161475;ABERTO+DB+GERAL;018/2021;07/2025;30/07/2025;2025-08-29;20888,40;Emitida;NAO;SIM;SIM;150
161532;ABERTO+DB+GERAL;018/2021;07/2025;30/07/2025;2025-08-29;185399,50;Emitida;NAO;SIM;SIM;150
161533;ABERTO+DB+GERAL;018/2021;07/2025;30/07/2025;2025-08-29;114100,00;Emitida;NAO;SIM;SIM;150
161534;ABERTO+DB+GERAL;018/2021;07/2025;30/07/2025;2025-08-29;151234,43;Emitida;NAO;SIM;SIM;150
161531;ABERTO+DB+GERAL;018/2021;07/2025;30/07/2025;2025-08-29;42644,00;Emitida;NAO;SIM;SIM;150
161474;ABERTO+DB+GERAL;018/2021;07/2025;30/07/2025;2025-08-29;11207,02;Emitida;NAO;SIM;SIM;150
161932;ABERTO+DB+GERAL;021/2021;08/2025;21/08/2025;2025-09-20;30546,53;Parc. Paga;NAO;SIM;SIM;68
161934;ABERTO+DB+GERAL;021/2021;08/2025;21/08/2025;2025-09-20;10194,40;Emitida;NAO;SIM;SIM;68
161931;ABERTO+DB+GERAL;021/2021;08/2025;21/08/2025;2025-09-20;10984,61;Emitida;NAO;SIM;SIM;68
161933;ABERTO+DB+GERAL;021/2021;08/2025;21/08/2025;2025-09-20;54229,44;Emitida;NAO;SIM;SIM;68
162228;ABERTO+DB+GERAL;005/2021;08/2025;25/08/2025;2025-09-24;121,96;Emitida;NAO;SIM;SIM;144
162227;ABERTO+DB+GERAL;005/2021;08/2025;25/08/2025;2025-09-24;35990,46;Emitida;NAO;SIM;SIM;144
163045;ABERTO+DB+GERAL;021/2021;09/2025;25/09/2025;2025-10-25;160469,55;Emitida;NAO;SIM;SIM;68
163041;ABERTO+DB+GERAL;005/2021;09/2025;25/09/2025;2025-10-25;35990,46;Emitida;NAO;SIM;SIM;144
163042;ABERTO+DB+GERAL;005/2021;09/2025;25/09/2025;2025-10-25;121,96;Emitida;NAO;SIM;SIM;144
163048;ABERTO+DB+GERAL;021/2021;09/2025;25/09/2025;2025-10-25;32504,44;Emitida;NAO;SIM;SIM;68
163046;ABERTO+DB+GERAL;021/2021;09/2025;25/09/2025;2025-10-25;66565,09;Emitida;NAO;SIM;SIM;68
163047;ABERTO+DB+GERAL;021/2021;09/2025;25/09/2025;2025-10-25;30166,20;Emitida;NAO;SIM;SIM;68
163137;ABERTO+DB+GERAL;018/2021;09/2025;30/09/2025;2025-10-30;69466,03;Emitida;NAO;SIM;SIM;150
163134;ABERTO+DB+GERAL;018/2021;09/2025;30/09/2025;2025-10-30;9381,68;Emitida;NAO;SIM;SIM;150
163135;ABERTO+DB+GERAL;018/2021;09/2025;30/09/2025;2025-10-30;29478,52;Emitida;NAO;SIM;SIM;150
163044;ABERTO+DB+GERAL;018/2021;09/2025;30/09/2025;2025-10-30;20888,40;Emitida;NAO;SIM;SIM;150
163136;ABERTO+DB+GERAL;018/2021;09/2025;30/09/2025;2025-10-30;114100,00;Emitida;NAO;SIM;SIM;150
163043;ABERTO+DB+GERAL;018/2021;09/2025;30/09/2025;2025-10-30;11207,02;Emitida;NAO;SIM;SIM;150
163915;ABERTO+DB+GERAL;021/2021;10/2025;29/10/2025;2025-11-28;66565,09;Emitida;NAO;SIM;SIM;68
163916;ABERTO+DB+GERAL;021/2021;10/2025;29/10/2025;2025-11-28;30166,20;Emitida;NAO;SIM;SIM;68
163914;ABERTO+DB+GERAL;021/2021;10/2025;29/10/2025;2025-11-28;160469,55;Emitida;NAO;SIM;SIM;68
163917;ABERTO+DB+GERAL;021/2021;10/2025;29/10/2025;2025-11-28;32504,44;Emitida;NAO;SIM;SIM;68
165034;ABERTO+DB+GERAL;005/2021;12/2025;02/12/2025;2026-01-01;121,96;Emitida;NAO;SIM;SIM;144
165033;ABERTO+DB+GERAL;005/2021;12/2025;02/12/2025;2026-01-01;35990,46;Emitida;NAO;SIM;SIM;144
89454;ABERTO;C.116/2013;08/2015;31/08/2015;2015-09-30;56764,21;;SIM;NAO;NAO;0
166665;ABERTO+GERAL;C.21/2021;02/2026;25/02/2026;2026-03-27;32504,44;Emitida;NAO;SIM;NAO;0
166663;ABERTO+GERAL;C.21/2021;02/2026;25/02/2026;2026-03-27;66565,09;Emitida;NAO;SIM;NAO;0
166662;ABERTO+GERAL;C.21/2021;02/2026;25/02/2026;2026-03-27;160469,55;Emitida;NAO;SIM;NAO;0
166664;ABERTO+GERAL;C.21/2021;02/2026;25/02/2026;2026-03-27;30166,20;Emitida;NAO;SIM;NAO;0
166666;ABERTO+GERAL;C.5/2021;02/2026;25/02/2026;2026-03-27;121,96;Emitida;NAO;SIM;NAO;0
166667;ABERTO+GERAL;C.5/2021;02/2026;25/02/2026;2026-03-27;35990,46;Emitida;NAO;SIM;NAO;0
166732;ABERTO+GERAL;C.18/2021;02/2026;26/02/2026;2026-03-28;66814,65;Emitida;NAO;SIM;NAO;0
166734;ABERTO+GERAL;C.18/2021;02/2026;26/02/2026;2026-03-28;4477,62;Emitida;NAO;SIM;NAO;0
166731;ABERTO+GERAL;C.18/2021;02/2026;26/02/2026;2026-03-28;46446,85;Emitida;NAO;SIM;NAO;0
166733;ABERTO+GERAL;C.18/2021;02/2026;26/02/2026;2026-03-28;114100,00;Emitida;NAO;SIM;NAO;0
166730;ABERTO+GERAL;C.18/2024;02/2026;26/02/2026;2026-03-28;146012,35;Emitida;NAO;SIM;NAO;0
166735;ABERTO+GERAL;C.18/2021;02/2026;26/02/2026;2026-03-28;11207,02;Emitida;NAO;SIM;NAO;0
166736;ABERTO+GERAL;C.18/2021;02/2026;26/02/2026;2026-03-28;20888,40;Emitida;NAO;SIM;NAO;0
167202;ABERTO+GERAL;C.5/2021;03/2026;25/03/2026;2026-04-24;35990,46;Emitida;NAO;SIM;NAO;0
167201;ABERTO+GERAL;C.5/2021;03/2026;25/03/2026;2026-04-24;121,96;Emitida;NAO;SIM;NAO;0
167205;ABERTO+GERAL;C.21/2021;03/2026;25/03/2026;2026-04-24;158160,62;Emitida;NAO;SIM;NAO;0
167207;ABERTO+GERAL;C.21/2021;03/2026;25/03/2026;2026-04-24;30166,20;Emitida;NAO;SIM;NAO;0
167208;ABERTO+GERAL;C.21/2021;03/2026;25/03/2026;2026-04-24;32504,44;Emitida;NAO;SIM;NAO;0
167206;ABERTO+GERAL;C.21/2021;03/2026;25/03/2026;2026-04-24;66565,09;Emitida;NAO;SIM;NAO;0
167245;ABERTO+GERAL;C.18/2024;03/2026;25/03/2026;2026-04-24;146012,35;Emitida;NAO;SIM;NAO;0
167274;ABERTO+GERAL;C.18/2021;03/2026;27/03/2026;2026-04-26;114100,00;Emitida;NAO;SIM;NAO;0
167276;ABERTO+GERAL;C.18/2021;03/2026;27/03/2026;2026-04-26;35938,98;Emitida;NAO;SIM;NAO;0
167204;ABERTO+GERAL;C.18/2021;03/2026;27/03/2026;2026-04-26;20888,40;Emitida;NAO;SIM;NAO;0
167273;ABERTO+GERAL;C.18/2021;03/2026;27/03/2026;2026-04-26;4477,62;Emitida;NAO;SIM;NAO;0
167275;ABERTO+GERAL;C.18/2021;03/2026;27/03/2026;2026-04-26;67238,87;Emitida;NAO;SIM;NAO;0
167203;ABERTO+GERAL;C.18/2021;03/2026;27/03/2026;2026-04-26;11207,02;Emitida;NAO;SIM;NAO;0
6341;GERAL;;01/2019;28/01/2019;2019-02-27;104511,33;Paga;SIM;NAO;NAO;0
6337;GERAL;;01/2019;28/01/2019;2019-02-27;16078,67;Paga;SIM;NAO;NAO;0
6340;GERAL;;01/2019;28/01/2019;2019-02-27;118145,12;Paga;SIM;NAO;NAO;0
6338;GERAL;;01/2019;28/01/2019;2019-02-27;18176,17;Paga;SIM;NAO;NAO;0
6339;GERAL;;01/2019;28/01/2019;2019-02-27;19810,79;Paga;SIM;NAO;NAO;0
6336;GERAL;;01/2019;28/01/2019;2019-02-27;3047,81;Paga;SIM;NAO;NAO;0
6349;GERAL;;01/2019;30/01/2019;2019-03-01;118151,46;Paga;SIM;NAO;NAO;0
6855;GERAL;;02/2019;25/02/2019;2019-03-27;22858,60;Paga;SIM;NAO;NAO;0
6856;GERAL;;02/2019;25/02/2019;2019-03-27;120590,00;Paga;SIM;NAO;NAO;0
6854;GERAL;;02/2019;25/02/2019;2019-03-27;136321,29;Paga;SIM;NAO;NAO;0
6872;GERAL;;02/2019;26/02/2019;2019-03-28;80823,92;Paga;SIM;NAO;NAO;0
7396;GERAL;;03/2019;25/03/2019;2019-04-24;136321,29;Paga;SIM;NAO;NAO;0
7395;GERAL;;03/2019;25/03/2019;2019-04-24;120590,00;Paga;SIM;NAO;NAO;0
7394;GERAL;;03/2019;25/03/2019;2019-04-24;22858,60;Paga;SIM;NAO;NAO;0
7552;GERAL;;03/2019;29/03/2019;2019-04-28;122122,10;Paga;SIM;NAO;NAO;0
7930;GERAL;;04/2019;25/04/2019;2019-05-25;120590,00;Paga;SIM;NAO;NAO;0
7928;GERAL;;04/2019;25/04/2019;2019-05-25;136321,29;Paga;SIM;NAO;NAO;0
7931;GERAL;;04/2019;25/04/2019;2019-05-25;122306,88;Paga;SIM;NAO;NAO;0
7929;GERAL;;04/2019;25/04/2019;2019-05-25;22858,60;Paga;SIM;NAO;NAO;0
8500;GERAL;;05/2019;27/05/2019;2019-06-26;22858,60;Paga;SIM;NAO;NAO;0
8499;GERAL;;05/2019;27/05/2019;2019-06-26;136321,29;Paga;SIM;NAO;NAO;0
8498;GERAL;;05/2019;27/05/2019;2019-06-26;120590,00;Paga;SIM;NAO;NAO;0
8649;GERAL;;05/2019;31/05/2019;2019-06-30;82146,88;Paga;SIM;NAO;NAO;0
9107;GERAL;;06/2019;26/06/2019;2019-07-26;120590,00;Paga;SIM;NAO;NAO;0
9106;GERAL;;06/2019;26/06/2019;2019-07-26;136321,29;Paga;SIM;NAO;NAO;0
9108;GERAL;;06/2019;26/06/2019;2019-07-26;22858,60;Paga;SIM;NAO;NAO;0
9176;GERAL;;06/2019;28/06/2019;2019-07-28;81428,97;Paga;SIM;NAO;NAO;0
9648;GERAL;;07/2019;25/07/2019;2019-08-24;136321,29;Paga;SIM;NAO;NAO;0
9649;GERAL;;07/2019;25/07/2019;2019-08-24;120590,00;Paga;SIM;NAO;NAO;0
9647;GERAL;;07/2019;25/07/2019;2019-08-24;22858,60;Paga;SIM;NAO;NAO;0
9675;GERAL;;07/2019;26/07/2019;2019-08-25;122306,88;Paga;SIM;NAO;NAO;0
10242;GERAL;;08/2019;28/08/2019;2019-09-27;120793,89;Paga;SIM;NAO;NAO;0
10239;GERAL;;08/2019;28/08/2019;2019-09-27;120590,00;Paga;SIM;NAO;NAO;0
10241;GERAL;;08/2019;28/08/2019;2019-09-27;22858,60;Paga;SIM;NAO;NAO;0
10240;GERAL;;08/2019;28/08/2019;2019-09-27;136321,29;Paga;SIM;NAO;NAO;0
10800;GERAL;;09/2019;26/09/2019;2019-10-26;136321,29;Cancelada;SIM;NAO;NAO;0
10802;GERAL;;09/2019;26/09/2019;2019-10-26;120590,00;Paga;SIM;NAO;NAO;0
10801;GERAL;;09/2019;26/09/2019;2019-10-26;22858,60;Paga;SIM;NAO;NAO;0
10806;GERAL;;09/2019;26/09/2019;2019-10-26;137114,61;Paga;SIM;NAO;NAO;0
10886;GERAL;;09/2019;30/09/2019;2019-10-30;80076,21;Paga;SIM;NAO;NAO;0
11319;GERAL;;10/2019;30/10/2019;2019-11-29;120590,00;Paga;SIM;NAO;NAO;0
11320;GERAL;;10/2019;30/10/2019;2019-11-29;22858,60;Paga;SIM;NAO;NAO;0
11321;GERAL;;10/2019;30/10/2019;2019-11-29;138485,12;Paga;SIM;NAO;NAO;0
11352;GERAL;;10/2019;31/10/2019;2019-11-30;80264,65;Paga;SIM;NAO;NAO;0
11725;GERAL;;11/2019;25/11/2019;2019-12-25;22858,60;Paga;SIM;NAO;NAO;0
11726;GERAL;;11/2019;25/11/2019;2019-12-25;120590,00;Paga;SIM;NAO;NAO;0
11727;GERAL;;11/2019;25/11/2019;2019-12-25;138485,12;Paga;SIM;NAO;NAO;0
11865;GERAL;;11/2019;26/11/2019;2019-12-26;122306,88;Paga;SIM;NAO;NAO;0
12151;GERAL;;12/2019;03/12/2019;2020-01-02;22858,60;Paga;SIM;NAO;NAO;0
12152;GERAL;;12/2019;03/12/2019;2020-01-02;120590,00;Paga;SIM;NAO;NAO;0
12150;GERAL;;12/2019;03/12/2019;2020-01-02;138485,12;Paga;SIM;NAO;NAO;0
12557;GERAL;;12/2019;30/12/2019;2020-01-29;122306,88;Paga;SIM;NAO;NAO;0
12914;GERAL;;01/2020;24/01/2020;2020-02-23;19810,79;Paga;SIM;NAO;NAO;0
12911;GERAL;;01/2020;24/01/2020;2020-02-23;16078,67;Paga;SIM;NAO;NAO;0
12912;GERAL;;01/2020;24/01/2020;2020-02-23;104511,33;Paga;SIM;NAO;NAO;0
12909;GERAL;;01/2020;24/01/2020;2020-02-23;3047,81;Paga;SIM;NAO;NAO;0
12913;GERAL;;01/2020;24/01/2020;2020-02-23;120020,44;Paga;SIM;NAO;NAO;0
12910;GERAL;;01/2020;24/01/2020;2020-02-23;18464,68;Paga;SIM;NAO;NAO;0
12938;GERAL;;01/2020;29/01/2020;2020-02-28;122306,88;Paga;SIM;NAO;NAO;0
13376;GERAL;;02/2020;27/02/2020;2020-03-28;120590,00;Paga;SIM;NAO;NAO;0
13378;GERAL;;02/2020;27/02/2020;2020-03-28;22858,60;Paga;SIM;NAO;NAO;0
13377;GERAL;;02/2020;27/02/2020;2020-03-28;138485,12;Paga;SIM;NAO;NAO;0
13445;GERAL;;02/2020;28/02/2020;2020-03-29;122306,88;Paga;SIM;NAO;NAO;0
13986;GERAL;;03/2020;25/03/2020;2020-04-24;120590,00;Paga;SIM;NAO;NAO;0
13985;GERAL;;03/2020;25/03/2020;2020-04-24;22858,60;Paga;SIM;NAO;NAO;0
13987;GERAL;;03/2020;25/03/2020;2020-04-24;138485,12;Paga;SIM;NAO;NAO;0
14032;GERAL;;03/2020;27/03/2020;2020-04-26;122306,88;Paga;SIM;NAO;NAO;0
14464;GERAL;;04/2020;27/04/2020;2020-05-27;138485,12;Paga;SIM;NAO;NAO;0
14465;GERAL;;04/2020;27/04/2020;2020-05-27;120590,00;Paga;SIM;NAO;NAO;0
14463;GERAL;;04/2020;27/04/2020;2020-05-27;22858,60;Paga;SIM;NAO;NAO;0
14531;GERAL;;04/2020;29/04/2020;2020-05-29;122306,88;Paga;SIM;NAO;NAO;0
14918;GERAL;;05/2020;25/05/2020;2020-06-24;120590,00;Paga;SIM;NAO;NAO;0
14920;GERAL;;05/2020;25/05/2020;2020-06-24;138485,12;Paga;SIM;NAO;NAO;0
14919;GERAL;;05/2020;25/05/2020;2020-06-24;22858,60;Paga;SIM;NAO;NAO;0
14945;GERAL;;05/2020;28/05/2020;2020-06-27;122306,88;Paga;SIM;NAO;NAO;0
15341;GERAL;;06/2020;26/06/2020;2020-07-26;138485,12;Paga;SIM;NAO;NAO;0
15340;GERAL;;06/2020;26/06/2020;2020-07-26;22858,60;Paga;SIM;NAO;NAO;0
15342;GERAL;;06/2020;26/06/2020;2020-07-26;120590,00;Paga;SIM;NAO;NAO;0
15408;GERAL;;06/2020;29/06/2020;2020-07-29;122306,88;Paga;SIM;NAO;NAO;0
15791;GERAL;;07/2020;17/07/2020;2020-08-16;138485,12;Paga;SIM;NAO;NAO;0
15790;GERAL;;07/2020;17/07/2020;2020-08-16;22858,60;Paga;SIM;NAO;NAO;0
15789;GERAL;;07/2020;17/07/2020;2020-08-16;120590,00;Paga;SIM;NAO;NAO;0
16008;GERAL;;07/2020;31/07/2020;2020-08-30;131871,28;Paga;SIM;NAO;NAO;0
16305;GERAL;;08/2020;25/08/2020;2020-09-24;138485,12;Paga;SIM;NAO;NAO;0
16306;GERAL;;08/2020;25/08/2020;2020-09-24;22858,60;Paga;SIM;NAO;NAO;0
16304;GERAL;;08/2020;25/08/2020;2020-09-24;120590,00;Paga;SIM;NAO;NAO;0
16352;GERAL;;08/2020;28/08/2020;2020-09-27;131871,28;Paga;SIM;NAO;NAO;0
16769;GERAL;;09/2020;28/09/2020;2020-10-28;120590,00;Paga;SIM;NAO;NAO;0
16771;GERAL;;09/2020;28/09/2020;2020-10-28;131871,28;Paga;SIM;NAO;NAO;0
16770;GERAL;;09/2020;28/09/2020;2020-10-28;22858,60;Paga;SIM;NAO;NAO;0
16768;GERAL;;09/2020;28/09/2020;2020-10-28;138485,12;Paga;SIM;NAO;NAO;0
17337;GERAL;;10/2020;27/10/2020;2020-11-26;138485,12;Paga;SIM;NAO;NAO;0
17338;GERAL;;10/2020;27/10/2020;2020-11-26;22858,60;Paga;SIM;NAO;NAO;0
17336;GERAL;;10/2020;27/10/2020;2020-11-26;120590,00;Paga;SIM;NAO;NAO;0
17434;GERAL;;10/2020;29/10/2020;2020-11-28;113634,76;Paga;SIM;NAO;NAO;0
17860;GERAL;;11/2020;25/11/2020;2020-12-25;138485,12;Paga;SIM;NAO;NAO;0
17859;GERAL;;11/2020;25/11/2020;2020-12-25;120590,00;Paga;SIM;NAO;NAO;0
17861;GERAL;;11/2020;25/11/2020;2020-12-25;22858,60;Paga;SIM;NAO;NAO;0
17934;GERAL;;11/2020;26/11/2020;2020-12-26;103756,46;Paga;SIM;NAO;NAO;0
18133;GERAL;;12/2020;03/12/2020;2021-01-02;138485,12;Paga;SIM;NAO;NAO;0
18132;GERAL;;12/2020;03/12/2020;2021-01-02;120590,00;Paga;SIM;NAO;NAO;0
18134;GERAL;;12/2020;03/12/2020;2021-01-02;22858,60;Paga;SIM;NAO;NAO;0
18414;GERAL;;12/2020;21/12/2020;2021-01-20;131871,28;Paga;SIM;NAO;NAO;0
19003;GERAL;;01/2021;26/01/2021;2021-02-25;131871,28;Paga;SIM;NAO;NAO;0
19816;GERAL;;02/2021;27/02/2021;2021-03-29;131871,28;Paga;SIM;NAO;NAO;0
19821;GERAL;;01/2021;27/02/2021;2021-03-29;137244,51;Paga;SIM;NAO;NAO;0
19822;GERAL;;01/2021;27/02/2021;2021-03-29;48637,50;Paga;SIM;NAO;NAO;0
19820;GERAL;;02/2021;27/02/2021;2021-03-29;115,66;Paga;SIM;NAO;NAO;0
19823;GERAL;;01/2021;27/02/2021;2021-03-29;25114,56;Paga;SIM;NAO;NAO;0
19819;GERAL;;02/2021;27/02/2021;2021-03-29;34129,94;Paga;SIM;NAO;NAO;0
19818;GERAL;;02/2021;27/02/2021;2021-03-29;390,00;Paga;SIM;NAO;NAO;0
19817;GERAL;;02/2021;27/02/2021;2021-03-29;21465,90;Paga;SIM;NAO;NAO;0
20320;GERAL;;03/2021;26/03/2021;2021-04-25;115,66;Paga;SIM;NAO;NAO;0
20319;GERAL;;03/2021;26/03/2021;2021-04-25;34129,94;Paga;SIM;NAO;NAO;0
20341;GERAL;;03/2021;29/03/2021;2021-04-28;131871,28;Paga;SIM;NAO;NAO;0
20917;GERAL;;04/2021;27/04/2021;2021-05-27;131871,28;Paga;NAO;NAO;NAO;0
20919;GERAL;;04/2021;27/04/2021;2021-05-27;115,66;Paga;NAO;NAO;NAO;0
20918;GERAL;;04/2021;27/04/2021;2021-05-27;34129,94;Paga;NAO;NAO;NAO;0
21553;GERAL;;05/2021;25/05/2021;2021-06-24;34129,94;Paga;NAO;NAO;NAO;0
21554;GERAL;;05/2021;25/05/2021;2021-06-24;115,66;Paga;NAO;NAO;NAO;0
21589;GERAL;;05/2021;27/05/2021;2021-06-26;131871,28;Paga;NAO;NAO;NAO;0
21747;GERAL;;04/2021;31/05/2021;2021-06-30;48637,50;Paga;NAO;NAO;NAO;0
21738;GERAL;;02/2021;31/05/2021;2021-06-30;25114,56;Paga;NAO;NAO;NAO;0
21741;GERAL;;03/2021;31/05/2021;2021-06-30;48637,50;Paga;NAO;NAO;NAO;0
124707;GERAL;;04/2021;31/05/2021;2021-06-30;34800,92;Cancelada;NAO;NAO;NAO;0
21745;GERAL;;04/2021;31/05/2021;2021-06-30;34800,92;Paga;NAO;NAO;NAO;0
21743;GERAL;;03/2021;31/05/2021;2021-06-30;137244,51;Paga;NAO;NAO;NAO;0
124703;GERAL;;03/2021;31/05/2021;2021-06-30;34800,92;Cancelada;NAO;NAO;NAO;0
21744;GERAL;;03/2021;31/05/2021;2021-06-30;34800,92;Paga;NAO;NAO;NAO;0
124699;GERAL;;02/2021;31/05/2021;2021-06-30;29001,42;Cancelada;NAO;NAO;NAO;0
21737;GERAL;;02/2021;31/05/2021;2021-06-30;137244,51;Paga;NAO;NAO;NAO;0
21746;GERAL;;04/2021;31/05/2021;2021-06-30;25114,56;Paga;NAO;NAO;NAO;0
21748;GERAL;;04/2021;31/05/2021;2021-06-30;137244,51;Paga;NAO;NAO;NAO;0
21739;GERAL;;02/2021;31/05/2021;2021-06-30;48637,50;Paga;NAO;NAO;NAO;0
21742;GERAL;;03/2021;31/05/2021;2021-06-30;25114,56;Paga;NAO;NAO;NAO;0
21740;GERAL;;02/2021;31/05/2021;2021-06-30;29001,42;Paga;NAO;NAO;NAO;0
22245;GERAL;;06/2021;28/06/2021;2021-07-28;115,66;Paga;NAO;NAO;NAO;0
22246;GERAL;;06/2021;28/06/2021;2021-07-28;34129,94;Paga;NAO;NAO;NAO;0
22413;GERAL;;06/2021;30/06/2021;2021-07-30;87438,35;Paga;NAO;NAO;NAO;0
22395;GERAL;;06/2021;30/06/2021;2021-07-30;131871,28;Paga;NAO;NAO;NAO;0
22418;GERAL;;05/2021;30/06/2021;2021-07-30;34800,92;Paga;NAO;NAO;NAO;0
22411;GERAL;;06/2021;30/06/2021;2021-07-30;4022,37;Paga;NAO;NAO;NAO;0
22410;GERAL;;06/2021;30/06/2021;2021-07-30;18747,16;Paga;NAO;NAO;NAO;0
22412;GERAL;;06/2021;30/06/2021;2021-07-30;4789,18;Paga;NAO;NAO;NAO;0
22417;GERAL;;05/2021;30/06/2021;2021-07-30;48637,50;Paga;NAO;NAO;NAO;0
22416;GERAL;;05/2021;30/06/2021;2021-07-30;139166,79;Paga;NAO;NAO;NAO;0
22415;GERAL;;05/2021;30/06/2021;2021-07-30;27207,44;Paga;NAO;NAO;NAO;0
22408;GERAL;;06/2021;30/06/2021;2021-07-30;104108,40;Paga;NAO;NAO;NAO;0
22409;GERAL;;06/2021;30/06/2021;2021-07-30;9819,91;Paga;NAO;NAO;NAO;0
22923;GERAL;;07/2021;26/07/2021;2021-08-25;8451,50;Paga;NAO;NAO;NAO;0
22921;GERAL;;07/2021;26/07/2021;2021-08-25;115,66;Paga;NAO;NAO;NAO;0
22920;GERAL;;07/2021;26/07/2021;2021-08-25;34129,94;Paga;NAO;NAO;NAO;0
22922;GERAL;;07/2021;26/07/2021;2021-08-25;17329,25;Paga;NAO;NAO;NAO;0
22933;GERAL;;07/2021;26/07/2021;2021-08-25;165777,43;Paga;NAO;NAO;NAO;0
23079;GERAL;;07/2021;30/07/2021;2021-08-29;34800,92;Paga;NAO;NAO;NAO;0
23077;GERAL;;07/2021;30/07/2021;2021-08-29;48637,50;Paga;NAO;NAO;NAO;0
23075;GERAL;;06/2021;30/07/2021;2021-08-29;34800,92;Paga;NAO;NAO;NAO;0
23073;GERAL;;06/2021;30/07/2021;2021-08-29;48637,50;Paga;NAO;NAO;NAO;0
23074;GERAL;;06/2021;30/07/2021;2021-08-29;27207,44;Paga;NAO;NAO;NAO;0
23076;GERAL;;07/2021;30/07/2021;2021-08-29;139166,79;Paga;NAO;NAO;NAO;0
23078;GERAL;;07/2021;30/07/2021;2021-08-29;27207,44;Paga;NAO;NAO;NAO;0
23083;GERAL;;07/2021;30/07/2021;2021-08-29;16398,54;Paga;NAO;NAO;NAO;0
23082;GERAL;;07/2021;30/07/2021;2021-08-29;94644,00;Paga;NAO;NAO;NAO;0
23072;GERAL;;06/2021;30/07/2021;2021-08-29;139166,79;Paga;NAO;NAO;NAO;0
23080;GERAL;;07/2021;30/07/2021;2021-08-29;35372,00;Paga;NAO;NAO;NAO;0
23081;GERAL;;07/2021;30/07/2021;2021-08-29;111679,92;Paga;NAO;NAO;NAO;0
23600;GERAL;;08/2021;30/08/2021;2021-09-29;165777,43;Paga;NAO;NAO;NAO;0
23733;GERAL;;08/2021;31/08/2021;2021-09-30;30803,75;Paga;NAO;NAO;NAO;0
23717;GERAL;;08/2021;31/08/2021;2021-09-30;17329,25;Paga;NAO;NAO;NAO;0
23715;GERAL;;08/2021;31/08/2021;2021-09-30;34129,94;Paga;NAO;NAO;NAO;0
23734;GERAL;;08/2021;31/08/2021;2021-09-30;88263,87;Paga;NAO;NAO;NAO;0
23729;GERAL;;08/2021;31/08/2021;2021-09-30;27236,44;Paga;NAO;NAO;NAO;0
23718;GERAL;;08/2021;31/08/2021;2021-09-30;8451,50;Paga;NAO;NAO;NAO;0
23730;GERAL;;08/2021;31/08/2021;2021-09-30;47913,53;Paga;NAO;NAO;NAO;0
23732;GERAL;;08/2021;31/08/2021;2021-09-30;20403,11;Paga;NAO;NAO;NAO;0
23731;GERAL;;08/2021;31/08/2021;2021-09-30;17231,38;Paga;NAO;NAO;NAO;0
23728;GERAL;;08/2021;31/08/2021;2021-09-30;109313,82;Paga;NAO;NAO;NAO;0
23727;GERAL;;08/2021;31/08/2021;2021-09-30;44163,45;Paga;NAO;NAO;NAO;0
23740;GERAL;;08/2021;31/08/2021;2021-09-30;9976,06;Paga;NAO;NAO;NAO;0
23716;GERAL;;08/2021;31/08/2021;2021-09-30;115,66;Paga;NAO;NAO;NAO;0
24256;GERAL;;09/2021;28/09/2021;2021-10-28;77820,00;Paga;NAO;NAO;NAO;0
24258;GERAL;;09/2021;28/09/2021;2021-10-28;27207,44;Paga;NAO;NAO;NAO;0
24254;GERAL;;09/2021;28/09/2021;2021-10-28;34129,94;Paga;NAO;NAO;NAO;0
24257;GERAL;;09/2021;28/09/2021;2021-10-28;139364,01;Paga;NAO;NAO;NAO;0
24259;GERAL;;09/2021;28/09/2021;2021-10-28;32215,44;Paga;NAO;NAO;NAO;0
24255;GERAL;;09/2021;28/09/2021;2021-10-28;115,66;Paga;NAO;NAO;NAO;0
24357;GERAL;;09/2021;30/09/2021;2021-10-30;20234,25;Paga;NAO;NAO;NAO;0
24353;GERAL;;09/2021;30/09/2021;2021-10-30;9296,65;Paga;NAO;NAO;NAO;0
24355;GERAL;;09/2021;30/09/2021;2021-10-30;15563,68;Paga;NAO;NAO;NAO;0
24358;GERAL;;09/2021;30/09/2021;2021-10-30;17329,25;Paga;NAO;NAO;NAO;0
24356;GERAL;;09/2021;30/09/2021;2021-10-30;66487,41;Paga;NAO;NAO;NAO;0
24354;GERAL;;09/2021;30/09/2021;2021-10-30;109313,82;Paga;NAO;NAO;NAO;0
24886;GERAL;;10/2021;26/10/2021;2021-11-25;77820,00;Paga;NAO;NAO;NAO;0
24884;GERAL;;10/2021;26/10/2021;2021-11-25;139364,01;Paga;NAO;NAO;NAO;0
24881;GERAL;;10/2021;26/10/2021;2021-11-25;115,66;Paga;NAO;NAO;NAO;0
24885;GERAL;;10/2021;26/10/2021;2021-11-25;32215,44;Paga;NAO;NAO;NAO;0
24880;GERAL;;10/2021;26/10/2021;2021-11-25;165777,43;Paga;NAO;NAO;NAO;0
24882;GERAL;;10/2021;26/10/2021;2021-11-25;34129,94;Paga;NAO;NAO;NAO;0
24883;GERAL;;10/2021;26/10/2021;2021-11-25;27207,44;Paga;NAO;NAO;NAO;0
24997;GERAL;;10/2021;27/10/2021;2021-11-26;6246,23;Paga;NAO;NAO;NAO;0
24981;GERAL;;10/2021;27/10/2021;2021-11-26;26123,99;Paga;NAO;NAO;NAO;0
24979;GERAL;;10/2021;27/10/2021;2021-11-26;1419,66;Cancelada;NAO;NAO;NAO;0
24983;GERAL;;10/2021;27/10/2021;2021-11-26;9296,65;Paga;NAO;NAO;NAO;0
24980;GERAL;;10/2021;27/10/2021;2021-11-26;112626,36;Paga;NAO;NAO;NAO;0
24978;GERAL;;10/2021;27/10/2021;2021-11-26;59383,13;Cancelada;NAO;NAO;NAO;0
24982;GERAL;;10/2021;27/10/2021;2021-11-26;17329,25;Paga;NAO;NAO;NAO;0
25009;GERAL;;10/2021;27/10/2021;2021-11-26;61518,60;Paga;NAO;NAO;NAO;0
25631;GERAL;;11/2021;29/11/2021;2021-12-29;32215,44;Paga;NAO;NAO;NAO;0
25627;GERAL;;11/2021;29/11/2021;2021-12-29;34129,94;Paga;NAO;NAO;NAO;0
25629;GERAL;;11/2021;29/11/2021;2021-12-29;77820,00;Paga;NAO;NAO;NAO;0
25608;GERAL;;11/2021;29/11/2021;2021-12-29;131871,28;Paga;NAO;NAO;NAO;0
25630;GERAL;;11/2021;29/11/2021;2021-12-29;27207,44;Paga;NAO;NAO;NAO;0
25632;GERAL;;11/2021;29/11/2021;2021-12-29;139364,01;Paga;NAO;NAO;NAO;0
25628;GERAL;;11/2021;29/11/2021;2021-12-29;115,66;Paga;NAO;NAO;NAO;0
25728;GERAL;;11/2021;30/11/2021;2021-12-30;17329,25;Paga;NAO;NAO;NAO;0
25726;GERAL;;11/2021;30/11/2021;2021-12-30;9550,44;Paga;NAO;NAO;NAO;0
25724;GERAL;;11/2021;30/11/2021;2021-12-30;63174,87;Paga;NAO;NAO;NAO;0
25735;GERAL;;11/2021;30/11/2021;2021-12-30;112626,36;Paga;NAO;NAO;NAO;0
25727;GERAL;;11/2021;30/11/2021;2021-12-30;9296,65;Paga;NAO;NAO;NAO;0
25725;GERAL;;11/2021;30/11/2021;2021-12-30;26128,58;Paga;NAO;NAO;NAO;0
25874;GERAL;;12/2021;02/12/2021;2022-01-01;27207,44;Paga;NAO;NAO;NAO;0
25875;GERAL;;12/2021;02/12/2021;2022-01-01;32215,44;Paga;NAO;NAO;NAO;0
25876;GERAL;;12/2021;02/12/2021;2022-01-01;139364,01;Paga;NAO;NAO;NAO;0
25870;GERAL;;12/2021;02/12/2021;2022-01-01;34129,94;Paga;NAO;NAO;NAO;0
25872;GERAL;;12/2021;02/12/2021;2022-01-01;17329,25;Cancelada;NAO;NAO;NAO;0
25873;GERAL;;12/2021;02/12/2021;2022-01-01;77820,00;Paga;NAO;NAO;NAO;0
25869;GERAL;;12/2021;02/12/2021;2022-01-01;115,66;Paga;NAO;NAO;NAO;0
25871;GERAL;;12/2021;02/12/2021;2022-01-01;9296,65;Cancelada;NAO;NAO;NAO;0
26255;GERAL;;12/2021;20/12/2021;2022-01-19;131871,28;Paga;NAO;NAO;NAO;0
26391;GERAL;;12/2021;28/12/2021;2022-01-27;112626,36;Paga;NAO;NAO;NAO;0
26392;GERAL;;12/2021;28/12/2021;2022-01-27;63174,87;Paga;NAO;NAO;NAO;0
26387;GERAL;;12/2021;28/12/2021;2022-01-27;9296,65;Paga;NAO;NAO;NAO;0
26388;GERAL;;12/2021;28/12/2021;2022-01-27;17329,25;Paga;NAO;NAO;NAO;0
26393;GERAL;;12/2021;28/12/2021;2022-01-27;38533,05;Paga;NAO;NAO;NAO;0
26834;GERAL;;01/2022;25/01/2022;2022-02-24;34129,94;Paga;NAO;NAO;NAO;0
26835;GERAL;;01/2022;25/01/2022;2022-02-24;115,66;Paga;NAO;NAO;NAO;0
26954;GERAL;;01/2022;27/01/2022;2022-02-26;139364,01;Paga;NAO;NAO;NAO;0
26956;GERAL;;01/2022;27/01/2022;2022-02-26;77820,00;Paga;NAO;NAO;NAO;0
26955;GERAL;;01/2022;27/01/2022;2022-02-26;32215,44;Paga;NAO;NAO;NAO;0
26953;GERAL;;01/2022;27/01/2022;2022-02-26;131871,28;Paga;NAO;NAO;NAO;0
26957;GERAL;;01/2022;27/01/2022;2022-02-26;27207,44;Paga;NAO;NAO;NAO;0
27033;GERAL;;01/2022;28/01/2022;2022-02-27;9296,65;Paga;NAO;NAO;NAO;0
27031;GERAL;;01/2022;28/01/2022;2022-02-27;119251,44;Paga;NAO;NAO;NAO;0
27030;GERAL;;01/2022;28/01/2022;2022-02-27;64594,53;Paga;NAO;NAO;NAO;0
27034;GERAL;;01/2022;28/01/2022;2022-02-27;17329,25;Paga;NAO;NAO;NAO;0
27032;GERAL;;01/2022;28/01/2022;2022-02-27;37477,35;Paga;NAO;NAO;NAO;0
27483;GERAL;;02/2022;22/02/2022;2022-03-24;131871,28;Paga;NAO;NAO;NAO;0
27575;GERAL;;02/2022;24/02/2022;2022-03-26;139364,01;Paga;NAO;NAO;NAO;0
27572;GERAL;;02/2022;24/02/2022;2022-03-26;27207,44;Paga;NAO;NAO;NAO;0
27574;GERAL;;02/2022;24/02/2022;2022-03-26;32215,44;Paga;NAO;NAO;NAO;0
27570;GERAL;;02/2022;24/02/2022;2022-03-26;34129,94;Paga;NAO;NAO;NAO;0
27593;GERAL;;02/2022;24/02/2022;2022-03-26;9296,65;Paga;NAO;NAO;NAO;0
27573;GERAL;;02/2022;24/02/2022;2022-03-26;77820,00;Paga;NAO;NAO;NAO;0
27571;GERAL;;02/2022;24/02/2022;2022-03-26;115,66;Paga;NAO;NAO;NAO;0
27592;GERAL;;02/2022;24/02/2022;2022-03-26;119251,44;Paga;NAO;NAO;NAO;0
27590;GERAL;;02/2022;24/02/2022;2022-03-26;67433,85;Paga;NAO;NAO;NAO;0
27594;GERAL;;02/2022;24/02/2022;2022-03-26;37477,35;Paga;NAO;NAO;NAO;0
27591;GERAL;;02/2022;24/02/2022;2022-03-26;17329,25;Paga;NAO;NAO;NAO;0
28366;GERAL;;03/2022;31/03/2022;2022-04-30;153796,50;Paga;NAO;NAO;NAO;0
28368;GERAL;;03/2022;31/03/2022;2022-04-30;85416,21;Paga;NAO;NAO;NAO;0
28338;GERAL;;03/2022;31/03/2022;2022-04-30;139364,01;Paga;NAO;NAO;NAO;0
28340;GERAL;;03/2022;31/03/2022;2022-04-30;32215,44;Paga;NAO;NAO;NAO;0
28367;GERAL;;03/2022;31/03/2022;2022-04-30;228735,00;Paga;NAO;NAO;NAO;0
28335;GERAL;;03/2022;31/03/2022;2022-04-30;131871,28;Paga;NAO;NAO;NAO;0
28339;GERAL;;03/2022;31/03/2022;2022-04-30;27207,44;Paga;NAO;NAO;NAO;0
28341;GERAL;;03/2022;31/03/2022;2022-04-30;77820,00;Paga;NAO;NAO;NAO;0
28336;GERAL;;03/2022;31/03/2022;2022-04-30;34129,94;Paga;NAO;NAO;NAO;0
28365;GERAL;;03/2022;31/03/2022;2022-04-30;35372,00;Paga;NAO;NAO;NAO;0
28369;GERAL;;03/2022;31/03/2022;2022-04-30;9296,65;Paga;NAO;NAO;NAO;0
28337;GERAL;;03/2022;31/03/2022;2022-04-30;115,66;Paga;NAO;NAO;NAO;0
28370;GERAL;;03/2022;31/03/2022;2022-04-30;17329,25;Paga;NAO;NAO;NAO;0
28906;GERAL;;04/2022;26/04/2022;2022-05-26;115,66;Paga;NAO;NAO;NAO;0
28910;GERAL;;04/2022;26/04/2022;2022-05-26;27207,44;Paga;NAO;NAO;NAO;0
28907;GERAL;;04/2022;26/04/2022;2022-05-26;34129,94;Paga;NAO;NAO;NAO;0
28909;GERAL;;04/2022;26/04/2022;2022-05-26;139364,01;Paga;NAO;NAO;NAO;0
28905;GERAL;;04/2022;26/04/2022;2022-05-26;131871,28;Paga;NAO;NAO;NAO;0
28911;GERAL;;04/2022;26/04/2022;2022-05-26;77820,00;Paga;NAO;NAO;NAO;0
28908;GERAL;;04/2022;26/04/2022;2022-05-26;32215,44;Paga;NAO;NAO;NAO;0
28933;GERAL;;04/2022;27/04/2022;2022-05-27;153796,50;Paga;NAO;NAO;NAO;0
28935;GERAL;;04/2022;27/04/2022;2022-05-27;9296,65;Paga;NAO;NAO;NAO;0
28934;GERAL;;04/2022;27/04/2022;2022-05-27;17329,25;Paga;NAO;NAO;NAO;0
28931;GERAL;;04/2022;27/04/2022;2022-05-27;212547,60;Paga;NAO;NAO;NAO;0
28932;GERAL;;04/2022;27/04/2022;2022-05-27;71929,44;Paga;NAO;NAO;NAO;0
29594;GERAL;;05/2022;25/05/2022;2022-06-24;131871,28;Paga;NAO;NAO;NAO;0
29566;GERAL;;05/2022;25/05/2022;2022-06-24;32215,44;Paga;NAO;NAO;NAO;0
29562;GERAL;;05/2022;25/05/2022;2022-06-24;115,66;Paga;NAO;NAO;NAO;0
29563;GERAL;;05/2022;25/05/2022;2022-06-24;143208,57;Paga;NAO;NAO;NAO;0
29561;GERAL;;05/2022;25/05/2022;2022-06-24;34129,94;Paga;NAO;NAO;NAO;0
29564;GERAL;;05/2022;25/05/2022;2022-06-24;27207,44;Paga;NAO;NAO;NAO;0
29565;GERAL;;05/2022;25/05/2022;2022-06-24;77820,00;Paga;NAO;NAO;NAO;0
29611;GERAL;;05/2022;30/05/2022;2022-06-29;35372,00;Paga;NAO;NAO;NAO;0
29613;GERAL;;05/2022;30/05/2022;2022-06-29;9296,65;Paga;NAO;NAO;NAO;0
29610;GERAL;;05/2022;30/05/2022;2022-06-29;83523,33;Paga;NAO;NAO;NAO;0
29612;GERAL;;05/2022;30/05/2022;2022-06-29;218353,95;Paga;NAO;NAO;NAO;0
29614;GERAL;;05/2022;30/05/2022;2022-06-29;17329,25;Paga;NAO;NAO;NAO;0
29609;GERAL;;05/2022;30/05/2022;2022-06-29;74295,54;Paga;NAO;NAO;NAO;0
30274;GERAL;;06/2022;23/06/2022;2022-07-23;131871,28;Paga;NAO;NAO;NAO;0
30317;GERAL;;06/2022;27/06/2022;2022-07-27;115,66;Paga;NAO;NAO;NAO;0
30316;GERAL;;06/2022;27/06/2022;2022-07-27;34129,94;Paga;NAO;NAO;NAO;0
30357;GERAL;;06/2022;28/06/2022;2022-07-28;147053,13;Paga;NAO;NAO;NAO;0
30350;GERAL;;06/2022;28/06/2022;2022-07-28;30995,91;Paga;NAO;NAO;NAO;0
30353;GERAL;;06/2022;28/06/2022;2022-07-28;15209,96;Paga;NAO;NAO;NAO;0
30355;GERAL;;06/2022;28/06/2022;2022-07-28;7509,34;Paga;NAO;NAO;NAO;0
30358;GERAL;;06/2022;28/06/2022;2022-07-28;27207,44;Paga;NAO;NAO;NAO;0
30356;GERAL;;06/2022;28/06/2022;2022-07-28;32215,44;Paga;NAO;NAO;NAO;0
30354;GERAL;;06/2022;28/06/2022;2022-07-28;4028,55;Paga;NAO;NAO;NAO;0
30359;GERAL;;06/2022;28/06/2022;2022-07-28;77820,00;Paga;NAO;NAO;NAO;0
30352;GERAL;;06/2022;28/06/2022;2022-07-28;66487,41;Paga;NAO;NAO;NAO;0
30351;GERAL;;06/2022;28/06/2022;2022-07-28;62638,20;Paga;NAO;NAO;NAO;0
30382;GERAL;;06/2022;29/06/2022;2022-07-29;5924,47;Paga;NAO;NAO;NAO;0
30381;GERAL;;06/2022;29/06/2022;2022-07-29;11043,47;Paga;NAO;NAO;NAO;0
30378;GERAL;;06/2022;29/06/2022;2022-07-29;22675,74;Paga;NAO;NAO;NAO;0
30379;GERAL;;06/2022;29/06/2022;2022-07-29;92212,08;Paga;NAO;NAO;NAO;0
30380;GERAL;;06/2022;29/06/2022;2022-07-29;46035,30;Paga;NAO;NAO;NAO;0
30377;GERAL;;06/2022;29/06/2022;2022-07-29;98190,90;Paga;NAO;NAO;NAO;0
30983;GERAL;;07/2022;25/07/2022;2022-08-24;77820,00;Cancelada;NAO;NAO;NAO;0
30981;GERAL;;07/2022;25/07/2022;2022-08-24;115,66;Paga;NAO;NAO;NAO;0
30985;GERAL;;07/2022;25/07/2022;2022-08-24;147053,13;Cancelada;NAO;NAO;NAO;0
30980;GERAL;;07/2022;25/07/2022;2022-08-24;34129,94;Paga;NAO;NAO;NAO;0
30982;GERAL;;07/2022;25/07/2022;2022-08-24;27207,44;Cancelada;NAO;NAO;NAO;0
30979;GERAL;;07/2022;25/07/2022;2022-08-24;146012,35;Paga;NAO;NAO;NAO;0
30984;GERAL;;07/2022;25/07/2022;2022-08-24;32215,44;Cancelada;NAO;NAO;NAO;0
31106;GERAL;;07/2022;28/07/2022;2022-08-27;27207,44;Paga;NAO;NAO;NAO;0
31107;GERAL;;07/2022;28/07/2022;2022-08-27;77820,00;Paga;NAO;NAO;NAO;0
31108;GERAL;;07/2022;28/07/2022;2022-08-27;32215,44;Paga;NAO;NAO;NAO;0
31105;GERAL;;07/2022;28/07/2022;2022-08-27;148975,41;Paga;NAO;NAO;NAO;0
31117;GERAL;;07/2022;29/07/2022;2022-08-28;72379,20;Paga;NAO;NAO;NAO;0
31120;GERAL;;07/2022;29/07/2022;2022-08-28;19488,48;Paga;NAO;NAO;NAO;0
31118;GERAL;;07/2022;29/07/2022;2022-08-28;39782,00;Paga;NAO;NAO;NAO;0
31121;GERAL;;07/2022;29/07/2022;2022-08-28;10454,95;Paga;NAO;NAO;NAO;0
31116;GERAL;;07/2022;29/07/2022;2022-08-28;174332,28;Paga;NAO;NAO;NAO;0
31119;GERAL;;07/2022;29/07/2022;2022-08-28;172965,00;Paga;NAO;NAO;NAO;0
31663;GERAL;;08/2022;25/08/2022;2022-09-24;146012,35;Paga;NAO;NAO;NAO;0
31741;GERAL;;08/2022;29/08/2022;2022-09-28;10454,95;Paga;NAO;NAO;NAO;0
31735;GERAL;;08/2022;29/08/2022;2022-09-28;11812,33;Paga;NAO;NAO;NAO;0
31742;GERAL;;08/2022;29/08/2022;2022-09-28;39782,00;Paga;NAO;NAO;NAO;0
31737;GERAL;;08/2022;29/08/2022;2022-09-28;28534,00;Paga;NAO;NAO;NAO;0
31743;GERAL;;08/2022;29/08/2022;2022-09-28;243392,40;Paga;NAO;NAO;NAO;0
31730;GERAL;;08/2022;29/08/2022;2022-09-28;115,66;Paga;NAO;NAO;NAO;0
31736;GERAL;;08/2022;29/08/2022;2022-09-28;54624,32;Paga;NAO;NAO;NAO;0
31740;GERAL;;08/2022;29/08/2022;2022-09-28;19488,48;Paga;NAO;NAO;NAO;0
31733;GERAL;;08/2022;29/08/2022;2022-09-28;22587,10;Paga;NAO;NAO;NAO;0
31731;GERAL;;08/2022;29/08/2022;2022-09-28;54560,40;Paga;NAO;NAO;NAO;0
31739;GERAL;;08/2022;29/08/2022;2022-09-28;172965,00;Paga;NAO;NAO;NAO;0
31744;GERAL;;08/2022;29/08/2022;2022-09-28;104577,30;Paga;NAO;NAO;NAO;0
31738;GERAL;;08/2022;29/08/2022;2022-09-28;9976,06;Paga;NAO;NAO;NAO;0
31729;GERAL;;08/2022;29/08/2022;2022-09-28;34129,94;Paga;NAO;NAO;NAO;0
31732;GERAL;;08/2022;29/08/2022;2022-09-28;19075,89;Paga;NAO;NAO;NAO;0
31734;GERAL;;08/2022;29/08/2022;2022-09-28;104450,65;Paga;NAO;NAO;NAO;0
32389;GERAL;;09/2022;27/09/2022;2022-10-27;86148,00;Paga;NAO;NAO;NAO;0
32385;GERAL;;09/2022;27/09/2022;2022-10-27;115,66;Paga;NAO;NAO;NAO;0
32388;GERAL;;09/2022;27/09/2022;2022-10-27;30119,83;Paga;NAO;NAO;NAO;0
32384;GERAL;;09/2022;27/09/2022;2022-10-27;146012,35;Paga;NAO;NAO;NAO;0
32387;GERAL;;09/2022;27/09/2022;2022-10-27;35663,84;Paga;NAO;NAO;NAO;0
32386;GERAL;;09/2022;27/09/2022;2022-10-27;34129,94;Paga;NAO;NAO;NAO;0
32390;GERAL;;09/2022;27/09/2022;2022-10-27;164922,08;Paga;NAO;NAO;NAO;0
32499;GERAL;;09/2022;30/09/2022;2022-10-30;77169,00;Paga;NAO;NAO;NAO;0
32498;GERAL;;09/2022;30/09/2022;2022-10-30;39782,00;Paga;NAO;NAO;NAO;0
32502;GERAL;;09/2022;30/09/2022;2022-10-30;10454,95;Paga;NAO;NAO;NAO;0
32501;GERAL;;09/2022;30/09/2022;2022-10-30;172965,00;Paga;NAO;NAO;NAO;0
32503;GERAL;;09/2022;30/09/2022;2022-10-30;19488,48;Paga;NAO;NAO;NAO;0
32500;GERAL;;09/2022;30/09/2022;2022-10-30;188579,64;Paga;NAO;NAO;NAO;0
33034;GERAL;;10/2022;26/10/2022;2022-11-25;86148,00;Paga;NAO;NAO;NAO;0
33031;GERAL;;10/2022;26/10/2022;2022-11-25;34129,94;Paga;NAO;NAO;NAO;0
33035;GERAL;;10/2022;26/10/2022;2022-11-25;35663,84;Paga;NAO;NAO;NAO;0
33036;GERAL;;10/2022;26/10/2022;2022-11-25;164922,08;Paga;NAO;NAO;NAO;0
33032;GERAL;;10/2022;26/10/2022;2022-11-25;115,66;Paga;NAO;NAO;NAO;0
33033;GERAL;;10/2022;26/10/2022;2022-11-25;30119,83;Paga;NAO;NAO;NAO;0
33159;GERAL;;10/2022;28/10/2022;2022-11-27;39782,00;Paga;NAO;NAO;NAO;0
33163;GERAL;;10/2022;28/10/2022;2022-11-27;10454,95;Paga;NAO;NAO;NAO;0
33160;GERAL;;10/2022;28/10/2022;2022-11-27;83555,40;Paga;NAO;NAO;NAO;0
33162;GERAL;;10/2022;28/10/2022;2022-11-27;19488,48;Paga;NAO;NAO;NAO;0
33142;GERAL;;10/2022;28/10/2022;2022-11-27;146012,35;Paga;NAO;NAO;NAO;0
33158;GERAL;;10/2022;28/10/2022;2022-11-27;172965,00;Paga;NAO;NAO;NAO;0
33161;GERAL;;10/2022;28/10/2022;2022-11-27;171561,96;Paga;NAO;NAO;NAO;0
33710;GERAL;;11/2022;25/11/2022;2022-12-25;35663,84;Paga;NAO;NAO;NAO;0
33711;GERAL;;11/2022;25/11/2022;2022-12-25;164922,08;Paga;NAO;NAO;NAO;0
33712;GERAL;;11/2022;25/11/2022;2022-12-25;30119,83;Paga;NAO;NAO;NAO;0
33707;GERAL;;11/2022;25/11/2022;2022-12-25;115,66;Paga;NAO;NAO;NAO;0
33708;GERAL;;11/2022;25/11/2022;2022-12-25;34129,94;Paga;NAO;NAO;NAO;0
33709;GERAL;;11/2022;25/11/2022;2022-12-25;86148,00;Paga;NAO;NAO;NAO;0
33838;GERAL;;11/2022;30/11/2022;2022-12-30;87014,70;Paga;NAO;NAO;NAO;0
33840;GERAL;;11/2022;30/11/2022;2022-12-30;172965,00;Paga;NAO;NAO;NAO;0
33839;GERAL;;11/2022;30/11/2022;2022-12-30;39782,00;Paga;NAO;NAO;NAO;0
33841;GERAL;;11/2022;30/11/2022;2022-12-30;180466,56;Paga;NAO;NAO;NAO;0
33843;GERAL;;11/2022;30/11/2022;2022-12-30;10454,95;Paga;NAO;NAO;NAO;0
33842;GERAL;;11/2022;30/11/2022;2022-12-30;19488,48;Paga;NAO;NAO;NAO;0
34005;GERAL;;12/2022;02/12/2022;2023-01-01;164922,08;Paga;NAO;NAO;NAO;0
34007;GERAL;;12/2022;02/12/2022;2023-01-01;86148,00;Paga;NAO;NAO;NAO;0
34002;GERAL;;12/2022;02/12/2022;2023-01-01;115,66;Paga;NAO;NAO;NAO;0
34003;GERAL;;12/2022;02/12/2022;2023-01-01;34129,94;Paga;NAO;NAO;NAO;0
34004;GERAL;;12/2022;02/12/2022;2023-01-01;30119,83;Paga;NAO;NAO;NAO;0
34006;GERAL;;12/2022;02/12/2022;2023-01-01;35663,84;Paga;NAO;NAO;NAO;0
34302;GERAL;;12/2022;19/12/2022;2023-01-18;146012,35;Paga;NAO;NAO;NAO;0
34530;GERAL;;12/2022;28/12/2022;2023-01-27;10454,95;Paga;NAO;NAO;NAO;0
34527;GERAL;;12/2022;28/12/2022;2023-01-27;83289,30;Paga;NAO;NAO;NAO;0
34526;GERAL;;12/2022;28/12/2022;2023-01-27;39782,00;Paga;NAO;NAO;NAO;0
34528;GERAL;;12/2022;28/12/2022;2023-01-27;152367,60;Paga;NAO;NAO;NAO;0
34529;GERAL;;12/2022;28/12/2022;2023-01-27;19488,48;Paga;NAO;NAO;NAO;0
34525;GERAL;;12/2022;28/12/2022;2023-01-27;172965,00;Paga;NAO;NAO;NAO;0
35105;GERAL;;01/2023;25/01/2023;2023-02-24;34129,94;Paga;NAO;NAO;NAO;0
35103;GERAL;;01/2023;25/01/2023;2023-02-24;146012,35;Paga;NAO;NAO;NAO;0
35104;GERAL;;01/2023;25/01/2023;2023-02-24;115,66;Paga;NAO;NAO;NAO;0
35148;GERAL;;01/2023;27/01/2023;2023-02-26;39782,00;Paga;NAO;NAO;NAO;0
35147;GERAL;;01/2023;27/01/2023;2023-02-26;83289,30;Paga;NAO;NAO;NAO;0
35145;GERAL;;01/2023;27/01/2023;2023-02-26;200749,26;Paga;NAO;NAO;NAO;0
35153;GERAL;;01/2023;27/01/2023;2023-02-26;30119,83;Paga;NAO;NAO;NAO;0
35154;GERAL;;01/2023;27/01/2023;2023-02-26;160665,98;Paga;NAO;NAO;NAO;0
35150;GERAL;;01/2023;27/01/2023;2023-02-26;19488,48;Paga;NAO;NAO;NAO;0
35146;GERAL;;01/2023;27/01/2023;2023-02-26;172965,00;Paga;NAO;NAO;NAO;0
35151;GERAL;;01/2023;27/01/2023;2023-02-26;86148,00;Paga;NAO;NAO;NAO;0
35149;GERAL;;01/2023;27/01/2023;2023-02-26;10454,95;Paga;NAO;NAO;NAO;0
35152;GERAL;;01/2023;27/01/2023;2023-02-26;35663,84;Paga;NAO;NAO;NAO;0
35747;GERAL;;02/2023;24/02/2023;2023-03-26;146012,35;Paga;NAO;NAO;NAO;0
35832;GERAL;;02/2023;28/02/2023;2023-03-30;86148,00;Paga;NAO;NAO;NAO;0
35827;GERAL;;02/2023;28/02/2023;2023-03-30;87014,70;Paga;NAO;NAO;NAO;0
35834;GERAL;;02/2023;28/02/2023;2023-03-30;160665,98;Paga;NAO;NAO;NAO;0
35829;GERAL;;02/2023;28/02/2023;2023-03-30;39782,00;Paga;NAO;NAO;NAO;0
35824;GERAL;;02/2023;28/02/2023;2023-03-30;121,96;Paga;NAO;NAO;NAO;0
35833;GERAL;;02/2023;28/02/2023;2023-03-30;35663,84;Paga;NAO;NAO;NAO;0
35835;GERAL;;02/2023;28/02/2023;2023-03-30;30119,83;Paga;NAO;NAO;NAO;0
35828;GERAL;;02/2023;28/02/2023;2023-03-30;172965,00;Paga;NAO;NAO;NAO;0
35830;GERAL;;02/2023;28/02/2023;2023-03-30;10454,95;Paga;NAO;NAO;NAO;0
35831;GERAL;;02/2023;28/02/2023;2023-03-30;19488,48;Paga;NAO;NAO;NAO;0
35826;GERAL;;02/2023;28/02/2023;2023-03-30;164636,16;Paga;NAO;NAO;NAO;0
35825;GERAL;;02/2023;28/02/2023;2023-03-30;35990,46;Paga;NAO;NAO;NAO;0
36428;GERAL;;03/2023;27/03/2023;2023-04-26;35990,46;Paga;NAO;NAO;NAO;0
36429;GERAL;;03/2023;27/03/2023;2023-04-26;121,96;Paga;NAO;NAO;NAO;0
36479;GERAL;;03/2023;28/03/2023;2023-04-27;146012,35;Paga;NAO;NAO;NAO;0
36465;GERAL;;03/2023;28/03/2023;2023-04-27;86148,00;Paga;NAO;NAO;NAO;0
36466;GERAL;;03/2023;28/03/2023;2023-04-27;30119,83;Paga;NAO;NAO;NAO;0
36468;GERAL;;03/2023;28/03/2023;2023-04-27;160665,98;Cancelada;NAO;NAO;NAO;0
36467;GERAL;;03/2023;28/03/2023;2023-04-27;35663,84;Paga;NAO;NAO;NAO;0
36506;GERAL;;03/2023;30/03/2023;2023-04-29;39782,00;Paga;NAO;NAO;NAO;0
36505;GERAL;;03/2023;30/03/2023;2023-04-29;90740,10;Paga;NAO;NAO;NAO;0
36507;GERAL;;03/2023;30/03/2023;2023-04-29;148390,21;Paga;NAO;NAO;NAO;0
36504;GERAL;;03/2023;30/03/2023;2023-04-29;172965,00;Paga;NAO;NAO;NAO;0
36509;GERAL;;03/2023;30/03/2023;2023-04-29;10454,95;Paga;NAO;NAO;NAO;0
36508;GERAL;;03/2023;30/03/2023;2023-04-29;19488,48;Paga;NAO;NAO;NAO;0
36544;GERAL;;03/2023;31/03/2023;2023-04-30;152153,78;Paga;NAO;NAO;NAO;0
37060;GERAL;;04/2023;24/04/2023;2023-05-24;146012,35;Paga;NAO;NAO;NAO;0
140643;GERAL;;04/2023;25/04/2023;2023-05-25;86148,00;Cancelada;NAO;NAO;NAO;0
37088;GERAL;;04/2023;26/04/2023;2023-05-26;121,96;Paga;NAO;NAO;NAO;0
37090;GERAL;;04/2023;26/04/2023;2023-05-26;30119,83;Paga;NAO;NAO;NAO;0
37092;GERAL;;04/2023;26/04/2023;2023-05-26;152153,78;Paga;NAO;NAO;NAO;0
37089;GERAL;;04/2023;26/04/2023;2023-05-26;35990,46;Paga;NAO;NAO;NAO;0
140689;GERAL;;04/2023;26/04/2023;2023-05-26;86148,00;Paga;NAO;NAO;NAO;0
37091;GERAL;;04/2023;26/04/2023;2023-05-26;35663,84;Paga;NAO;NAO;NAO;0
37164;GERAL;;04/2023;27/04/2023;2023-05-27;39782,00;Paga;NAO;NAO;NAO;0
37162;GERAL;;04/2023;27/04/2023;2023-05-27;175375,11;Paga;NAO;NAO;NAO;0
37161;GERAL;;04/2023;27/04/2023;2023-05-27;172965,00;Paga;NAO;NAO;NAO;0
37166;GERAL;;04/2023;27/04/2023;2023-05-27;10454,95;Paga;NAO;NAO;NAO;0
37165;GERAL;;04/2023;27/04/2023;2023-05-27;19488,48;Paga;NAO;NAO;NAO;0
37163;GERAL;;04/2023;27/04/2023;2023-05-27;90740,10;Paga;NAO;NAO;NAO;0
37798;GERAL;;05/2023;25/05/2023;2023-06-24;121,96;Paga;NAO;NAO;NAO;0
141427;GERAL;;05/2023;25/05/2023;2023-06-24;86148,00;Paga;NAO;NAO;NAO;0
37804;GERAL;;05/2023;25/05/2023;2023-06-24;35663,84;Paga;NAO;NAO;NAO;0
37806;GERAL;;05/2023;25/05/2023;2023-06-24;30119,83;Paga;NAO;NAO;NAO;0
37796;GERAL;;05/2023;25/05/2023;2023-06-24;146012,35;Paga;NAO;NAO;NAO;0
37805;GERAL;;05/2023;25/05/2023;2023-06-24;152153,78;Paga;NAO;NAO;NAO;0
37797;GERAL;;05/2023;25/05/2023;2023-06-24;35990,46;Paga;NAO;NAO;NAO;0
37825;GERAL;;05/2023;26/05/2023;2023-06-25;39782,00;Paga;NAO;NAO;NAO;0
37829;GERAL;;05/2023;26/05/2023;2023-06-25;10454,95;Paga;NAO;NAO;NAO;0
37826;GERAL;;05/2023;26/05/2023;2023-06-25;182128,75;Paga;NAO;NAO;NAO;0
37827;GERAL;;05/2023;26/05/2023;2023-06-25;172965,00;Paga;NAO;NAO;NAO;0
37824;GERAL;;05/2023;26/05/2023;2023-06-25;98190,90;Paga;NAO;NAO;NAO;0
37828;GERAL;;05/2023;26/05/2023;2023-06-25;19488,48;Paga;NAO;NAO;NAO;0
142140;GERAL;;06/2023;26/06/2023;2023-07-26;86148,00;Cancelada;NAO;NAO;NAO;0
38427;GERAL;;06/2023;26/06/2023;2023-07-26;152153,78;Paga;NAO;NAO;NAO;0
142160;GERAL;;06/2023;26/06/2023;2023-07-26;86148,00;Paga;NAO;NAO;NAO;0
38426;GERAL;;06/2023;26/06/2023;2023-07-26;35990,46;Paga;NAO;NAO;NAO;0
38428;GERAL;;06/2023;26/06/2023;2023-07-26;30119,83;Paga;NAO;NAO;NAO;0
38425;GERAL;;06/2023;26/06/2023;2023-07-26;121,96;Paga;NAO;NAO;NAO;0
38429;GERAL;;06/2023;26/06/2023;2023-07-26;35663,84;Paga;NAO;NAO;NAO;0
38445;GERAL;;06/2023;27/06/2023;2023-07-27;146012,35;Paga;NAO;NAO;NAO;0
38485;GERAL;;06/2023;28/06/2023;2023-07-28;8445,01;Paga;NAO;NAO;NAO;0
38486;GERAL;;06/2023;28/06/2023;2023-07-28;4530,48;Paga;NAO;NAO;NAO;0
38481;GERAL;;06/2023;28/06/2023;2023-07-28;84643,17;Paga;NAO;NAO;NAO;0
38484;GERAL;;06/2023;28/06/2023;2023-07-28;44704,80;Paga;NAO;NAO;NAO;0
38482;GERAL;;06/2023;28/06/2023;2023-07-28;17305,17;Paga;NAO;NAO;NAO;0
38483;GERAL;;06/2023;28/06/2023;2023-07-28;75040,20;Paga;NAO;NAO;NAO;0
38512;GERAL;;06/2023;29/06/2023;2023-07-29;23339,02;Paga;NAO;NAO;NAO;0
38516;GERAL;;06/2023;29/06/2023;2023-07-29;6151,93;Paga;NAO;NAO;NAO;0
38513;GERAL;;06/2023;29/06/2023;2023-07-29;114929,64;Paga;NAO;NAO;NAO;0
38514;GERAL;;06/2023;29/06/2023;2023-07-29;60514,08;Paga;NAO;NAO;NAO;0
38517;GERAL;;06/2023;29/06/2023;2023-07-29;11466,39;Paga;NAO;NAO;NAO;0
38515;GERAL;;06/2023;29/06/2023;2023-07-29;101678,40;Paga;NAO;NAO;NAO;0
39116;GERAL;;07/2023;25/07/2023;2023-08-24;30119,83;Paga;NAO;NAO;NAO;0
39115;GERAL;;07/2023;25/07/2023;2023-08-24;152153,78;Paga;NAO;NAO;NAO;0
39112;GERAL;;07/2023;25/07/2023;2023-08-24;35990,46;Paga;NAO;NAO;NAO;0
142891;GERAL;;07/2023;25/07/2023;2023-08-24;86148,00;Paga;NAO;NAO;NAO;0
39113;GERAL;;07/2023;25/07/2023;2023-08-24;121,96;Paga;NAO;NAO;NAO;0
39114;GERAL;;07/2023;25/07/2023;2023-08-24;35663,84;Paga;NAO;NAO;NAO;0
39162;GERAL;;07/2023;26/07/2023;2023-08-25;146012,35;Paga;NAO;NAO;NAO;0
39203;GERAL;;07/2023;28/07/2023;2023-08-27;10856,34;Paga;NAO;NAO;NAO;0
39199;GERAL;;07/2023;28/07/2023;2023-08-27;179595,00;Paga;NAO;NAO;NAO;0
39200;GERAL;;07/2023;28/07/2023;2023-08-27;40275,30;Paga;NAO;NAO;NAO;0
39198;GERAL;;07/2023;28/07/2023;2023-08-27;150609,51;Paga;NAO;NAO;NAO;0
39201;GERAL;;07/2023;28/07/2023;2023-08-27;100304,16;Paga;NAO;NAO;NAO;0
39202;GERAL;;07/2023;28/07/2023;2023-08-27;20234,80;Paga;NAO;NAO;NAO;0
143427;GERAL;;08/2023;17/08/2023;2023-09-16;31587,60;Paga;NAO;NAO;NAO;0
39795;GERAL;;08/2023;24/08/2023;2023-09-23;146012,35;Paga;NAO;NAO;NAO;0
39841;GERAL;;08/2023;25/08/2023;2023-09-24;11043,94;Paga;NAO;NAO;NAO;0
39840;GERAL;;08/2023;25/08/2023;2023-09-24;55789,72;Paga;NAO;NAO;NAO;0
143712;GERAL;;08/2023;25/08/2023;2023-09-24;54560,40;Paga;NAO;NAO;NAO;0
39833;GERAL;;08/2023;25/08/2023;2023-09-24;121,96;Paga;NAO;NAO;NAO;0
39842;GERAL;;08/2023;25/08/2023;2023-09-24;13076,74;Paga;NAO;NAO;NAO;0
39834;GERAL;;08/2023;25/08/2023;2023-09-24;35990,46;Paga;NAO;NAO;NAO;0
39851;GERAL;;08/2023;28/08/2023;2023-09-27;19075,89;Paga;NAO;NAO;NAO;0
39850;GERAL;;08/2023;28/08/2023;2023-09-27;22587,10;Paga;NAO;NAO;NAO;0
39852;GERAL;;08/2023;28/08/2023;2023-09-27;96364,06;Paga;NAO;NAO;NAO;0
39856;GERAL;;08/2023;29/08/2023;2023-09-28;40275,30;Paga;NAO;NAO;NAO;0
39859;GERAL;;08/2023;29/08/2023;2023-09-28;20234,80;Paga;NAO;NAO;NAO;0
39857;GERAL;;08/2023;29/08/2023;2023-09-28;260840,06;Paga;NAO;NAO;NAO;0
39854;GERAL;;08/2023;29/08/2023;2023-09-28;81514,40;Paga;NAO;NAO;NAO;0
39858;GERAL;;08/2023;29/08/2023;2023-09-28;10856,34;Paga;NAO;NAO;NAO;0
39855;GERAL;;08/2023;29/08/2023;2023-09-28;179595,00;Paga;NAO;NAO;NAO;0
40469;GERAL;;09/2023;25/09/2023;2023-10-25;35663,84;Paga;NAO;NAO;NAO;0
40467;GERAL;;09/2023;25/09/2023;2023-10-25;35990,46;Paga;NAO;NAO;NAO;0
40466;GERAL;;09/2023;25/09/2023;2023-10-25;121,96;Paga;NAO;NAO;NAO;0
40470;GERAL;;09/2023;25/09/2023;2023-10-25;152153,78;Paga;NAO;NAO;NAO;0
144402;GERAL;;09/2023;25/09/2023;2023-10-25;86148,00;Paga;NAO;NAO;NAO;0
40468;GERAL;;09/2023;25/09/2023;2023-10-25;30119,83;Paga;NAO;NAO;NAO;0
40505;GERAL;;09/2023;26/09/2023;2023-10-26;20234,80;Paga;NAO;NAO;NAO;0
40503;GERAL;;09/2023;26/09/2023;2023-10-26;146012,35;Paga;NAO;NAO;NAO;0
40504;GERAL;;09/2023;26/09/2023;2023-10-26;10856,34;Paga;NAO;NAO;NAO;0
40543;GERAL;;09/2023;27/09/2023;2023-10-27;40275,30;Paga;NAO;NAO;NAO;0
40541;GERAL;;09/2023;27/09/2023;2023-10-27;179595,00;Paga;NAO;NAO;NAO;0
40540;GERAL;;09/2023;27/09/2023;2023-10-27;259165,48;Paga;NAO;NAO;NAO;0
40542;GERAL;;09/2023;27/09/2023;2023-10-27;110528,00;Paga;NAO;NAO;NAO;0
41133;GERAL;;10/2023;25/10/2023;2023-11-24;35663,84;Paga;NAO;NAO;NAO;0
41131;GERAL;;10/2023;25/10/2023;2023-11-24;35990,46;Paga;NAO;NAO;NAO;0
41130;GERAL;;10/2023;25/10/2023;2023-11-24;121,96;Paga;NAO;NAO;NAO;0
41132;GERAL;;10/2023;25/10/2023;2023-11-24;30119,83;Paga;NAO;NAO;NAO;0
41134;GERAL;;10/2023;25/10/2023;2023-11-24;152153,78;Paga;NAO;NAO;NAO;0
145168;GERAL;;10/2023;25/10/2023;2023-11-24;86148,00;Paga;NAO;NAO;NAO;0
41164;GERAL;;10/2023;27/10/2023;2023-11-26;10856,34;Paga;NAO;NAO;NAO;0
41163;GERAL;;10/2023;27/10/2023;2023-11-26;20234,80;Paga;NAO;NAO;NAO;0
41162;GERAL;;10/2023;27/10/2023;2023-11-26;146012,35;Paga;NAO;NAO;NAO;0
41207;GERAL;;10/2023;30/10/2023;2023-11-29;110528,00;Paga;NAO;NAO;NAO;0
41208;GERAL;;10/2023;30/10/2023;2023-11-29;257912,11;Paga;NAO;NAO;NAO;0
41206;GERAL;;10/2023;30/10/2023;2023-11-29;179595,00;Paga;NAO;NAO;NAO;0
41205;GERAL;;10/2023;30/10/2023;2023-11-29;40275,30;Paga;NAO;NAO;NAO;0
41808;GERAL;;11/2023;27/11/2023;2023-12-27;179595,00;Paga;NAO;NAO;NAO;0
145947;GERAL;;11/2023;27/11/2023;2023-12-27;86148,00;Paga;NAO;NAO;NAO;0
41804;GERAL;;11/2023;27/11/2023;2023-12-27;10856,34;Paga;NAO;NAO;NAO;0
41777;GERAL;;11/2023;27/11/2023;2023-12-27;146012,35;Paga;NAO;NAO;NAO;0
41803;GERAL;;11/2023;27/11/2023;2023-12-27;35990,46;Paga;NAO;NAO;NAO;0
41809;GERAL;;11/2023;27/11/2023;2023-12-27;40481,84;Paga;NAO;NAO;NAO;0
41810;GERAL;;11/2023;27/11/2023;2023-12-27;30119,83;Paga;NAO;NAO;NAO;0
41806;GERAL;;11/2023;27/11/2023;2023-12-27;183611,08;Paga;NAO;NAO;NAO;0
41812;GERAL;;11/2023;27/11/2023;2023-12-27;152153,78;Paga;NAO;NAO;NAO;0
41811;GERAL;;11/2023;27/11/2023;2023-12-27;35663,84;Paga;NAO;NAO;NAO;0
41807;GERAL;;11/2023;27/11/2023;2023-12-27;110528,00;Paga;NAO;NAO;NAO;0
41802;GERAL;;11/2023;27/11/2023;2023-12-27;121,96;Paga;NAO;NAO;NAO;0
41805;GERAL;;11/2023;27/11/2023;2023-12-27;20234,80;Paga;NAO;NAO;NAO;0
42486;GERAL;;12/2023;28/12/2023;2024-01-27;20234,80;Paga;NAO;NAO;NAO;0
42560;GERAL;;12/2023;28/12/2023;2024-01-27;30119,83;Paga;NAO;NAO;NAO;0
42483;GERAL;;12/2023;28/12/2023;2024-01-27;40481,84;Paga;NAO;NAO;NAO;0
42485;GERAL;;12/2023;28/12/2023;2024-01-27;110528,00;Paga;NAO;NAO;NAO;0
42562;GERAL;;12/2023;28/12/2023;2024-01-27;152153,78;Paga;NAO;NAO;NAO;0
42484;GERAL;;12/2023;28/12/2023;2024-01-27;10856,34;Paga;NAO;NAO;NAO;0
42559;GERAL;;12/2023;28/12/2023;2024-01-27;121,96;Paga;NAO;NAO;NAO;0
146723;GERAL;;12/2023;28/12/2023;2024-01-27;86148,00;Paga;NAO;NAO;NAO;0
42488;GERAL;;12/2023;28/12/2023;2024-01-27;179595,00;Paga;NAO;NAO;NAO;0
42561;GERAL;;12/2023;28/12/2023;2024-01-27;35663,84;Paga;NAO;NAO;NAO;0
42487;GERAL;;12/2023;28/12/2023;2024-01-27;183176,51;Paga;NAO;NAO;NAO;0
42558;GERAL;;12/2023;28/12/2023;2024-01-27;35990,46;Paga;NAO;NAO;NAO;0
42583;GERAL;;12/2023;29/12/2023;2024-01-28;146012,35;Paga;NAO;NAO;NAO;0
43110;GERAL;;01/2024;25/01/2024;2024-02-24;35990,46;Paga;NAO;NAO;NAO;0
43109;GERAL;;01/2024;25/01/2024;2024-02-24;121,96;Paga;NAO;NAO;NAO;0
43112;GERAL;;01/2024;25/01/2024;2024-02-24;35663,84;Paga;NAO;NAO;NAO;0
43113;GERAL;;01/2024;25/01/2024;2024-02-24;152153,78;Paga;NAO;NAO;NAO;0
43133;GERAL;;01/2024;25/01/2024;2024-02-24;146012,35;Paga;NAO;NAO;NAO;0
147374;GERAL;;01/2024;25/01/2024;2024-02-24;86148,00;Paga;NAO;NAO;NAO;0
43111;GERAL;;01/2024;25/01/2024;2024-02-24;30119,83;Paga;NAO;NAO;NAO;0
43195;GERAL;;01/2024;29/01/2024;2024-02-28;110528,00;Paga;NAO;NAO;NAO;0
43192;GERAL;;01/2024;29/01/2024;2024-02-28;177037,06;Paga;NAO;NAO;NAO;0
43197;GERAL;;01/2024;29/01/2024;2024-02-28;10856,34;Paga;NAO;NAO;NAO;0
43196;GERAL;;01/2024;29/01/2024;2024-02-28;20234,80;Paga;NAO;NAO;NAO;0
43194;GERAL;;01/2024;29/01/2024;2024-02-28;40481,84;Paga;NAO;NAO;NAO;0
43193;GERAL;;01/2024;29/01/2024;2024-02-28;179595,00;Paga;NAO;NAO;NAO;0
43705;GERAL;;02/2024;26/02/2024;2024-03-27;30119,83;Paga;NAO;NAO;NAO;0
43796;GERAL;;02/2024;26/02/2024;2024-03-27;146012,35;Paga;NAO;NAO;NAO;0
43703;GERAL;;02/2024;26/02/2024;2024-03-27;121,96;Paga;NAO;NAO;NAO;0
43704;GERAL;;02/2024;26/02/2024;2024-03-27;152153,78;Paga;NAO;NAO;NAO;0
43702;GERAL;;02/2024;26/02/2024;2024-03-27;35990,46;Paga;NAO;NAO;NAO;0
43706;GERAL;;02/2024;26/02/2024;2024-03-27;35663,84;Paga;NAO;NAO;NAO;0
147973;GERAL;;02/2024;26/02/2024;2024-03-27;86148,00;Paga;NAO;NAO;NAO;0
43863;GERAL;;02/2024;28/02/2024;2024-03-29;20234,80;Paga;NAO;NAO;NAO;0
43862;GERAL;;02/2024;28/02/2024;2024-03-29;110528,00;Paga;NAO;NAO;NAO;0
43864;GERAL;;02/2024;28/02/2024;2024-03-29;10856,34;Paga;NAO;NAO;NAO;0
43859;GERAL;;02/2024;28/02/2024;2024-03-29;199203,17;Paga;NAO;NAO;NAO;0
43861;GERAL;;02/2024;28/02/2024;2024-03-29;179595,00;Paga;NAO;NAO;NAO;0
43860;GERAL;;02/2024;28/02/2024;2024-03-29;40481,84;Paga;NAO;NAO;NAO;0
44428;GERAL;;03/2024;26/03/2024;2024-04-25;30119,83;Paga;NAO;NAO;NAO;0
44425;GERAL;;03/2024;26/03/2024;2024-04-25;35990,46;Paga;NAO;NAO;NAO;0
44427;GERAL;;03/2024;26/03/2024;2024-04-25;152153,78;Paga;NAO;NAO;NAO;0
44424;GERAL;;03/2024;26/03/2024;2024-04-25;121,96;Paga;NAO;NAO;NAO;0
44390;GERAL;;03/2024;26/03/2024;2024-04-25;146012,35;Paga;NAO;NAO;NAO;0
148884;GERAL;;03/2024;26/03/2024;2024-04-25;86148,00;Paga;NAO;NAO;NAO;0
44426;GERAL;;03/2024;26/03/2024;2024-04-25;35663,84;Paga;NAO;NAO;NAO;0
44561;GERAL;;03/2024;27/03/2024;2024-04-26;20234,80;Paga;NAO;NAO;NAO;0
44558;GERAL;;03/2024;27/03/2024;2024-04-26;40481,84;Paga;NAO;NAO;NAO;0
44560;GERAL;;03/2024;27/03/2024;2024-04-26;10856,34;Paga;NAO;NAO;NAO;0
44559;GERAL;;03/2024;27/03/2024;2024-04-26;110528,00;Paga;NAO;NAO;NAO;0
44557;GERAL;;03/2024;27/03/2024;2024-04-26;143212,59;Paga;NAO;NAO;NAO;0
45153;GERAL;;04/2024;29/04/2024;2024-05-29;121,96;Paga;NAO;NAO;NAO;0
45168;GERAL;;04/2024;29/04/2024;2024-05-29;263207,07;Paga;NAO;NAO;NAO;0
45154;GERAL;;04/2024;29/04/2024;2024-05-29;35990,46;Paga;NAO;NAO;NAO;0
45155;GERAL;;04/2024;29/04/2024;2024-05-29;30119,83;Paga;NAO;NAO;NAO;0
45152;GERAL;;04/2024;29/04/2024;2024-05-29;146012,35;Paga;NAO;NAO;NAO;0
45167;GERAL;;04/2024;29/04/2024;2024-05-29;179595,00;Paga;NAO;NAO;NAO;0
45157;GERAL;;04/2024;29/04/2024;2024-05-29;152153,78;Paga;NAO;NAO;NAO;0
149622;GERAL;;04/2024;29/04/2024;2024-05-29;86148,00;Paga;NAO;NAO;NAO;0
45164;GERAL;;04/2024;29/04/2024;2024-05-29;40481,84;Paga;NAO;NAO;NAO;0
45162;GERAL;;04/2024;29/04/2024;2024-05-29;110528,00;Paga;NAO;NAO;NAO;0
45156;GERAL;;04/2024;29/04/2024;2024-05-29;35663,84;Paga;NAO;NAO;NAO;0
45166;GERAL;;04/2024;29/04/2024;2024-05-29;10856,34;Paga;NAO;NAO;NAO;0
45165;GERAL;;04/2024;29/04/2024;2024-05-29;20234,80;Paga;NAO;NAO;NAO;0
45887;GERAL;;05/2024;27/05/2024;2024-06-26;10856,34;Paga;NAO;NAO;NAO;0
150372;GERAL;;05/2024;27/05/2024;2024-06-26;86148,00;Paga;NAO;NAO;NAO;0
45889;GERAL;;05/2024;27/05/2024;2024-06-26;247180,41;Paga;NAO;NAO;NAO;0
45868;GERAL;;05/2024;27/05/2024;2024-06-26;147897,68;Paga;NAO;NAO;NAO;0
45869;GERAL;;05/2024;27/05/2024;2024-06-26;30119,83;Paga;NAO;NAO;NAO;0
45888;GERAL;;05/2024;27/05/2024;2024-06-26;110528,00;Paga;NAO;NAO;NAO;0
45890;GERAL;;05/2024;27/05/2024;2024-06-26;20234,80;Paga;NAO;NAO;NAO;0
45865;GERAL;;05/2024;27/05/2024;2024-06-26;35990,46;Paga;NAO;NAO;NAO;0
45866;GERAL;;05/2024;27/05/2024;2024-06-26;121,96;Paga;NAO;NAO;NAO;0
45867;GERAL;;05/2024;27/05/2024;2024-06-26;35663,84;Paga;NAO;NAO;NAO;0
45885;GERAL;;05/2024;27/05/2024;2024-06-26;40481,84;Paga;NAO;NAO;NAO;0
45886;GERAL;;05/2024;27/05/2024;2024-06-26;179595,00;Paga;NAO;NAO;NAO;0
45884;GERAL;;05/2024;27/05/2024;2024-06-26;146012,35;Paga;NAO;NAO;NAO;0
46598;GERAL;;06/2024;25/06/2024;2024-07-25;35663,84;Paga;NAO;NAO;NAO;0
46594;GERAL;;06/2024;25/06/2024;2024-07-25;35990,46;Paga;NAO;NAO;NAO;0
151140;GERAL;;06/2024;25/06/2024;2024-07-25;86148,00;Paga;NAO;NAO;NAO;0
46596;GERAL;;06/2024;25/06/2024;2024-07-25;147897,68;Paga;NAO;NAO;NAO;0
46597;GERAL;;06/2024;25/06/2024;2024-07-25;30119,83;Paga;NAO;NAO;NAO;0
46595;GERAL;;06/2024;25/06/2024;2024-07-25;121,96;Paga;NAO;NAO;NAO;0
46634;GERAL;;06/2024;26/06/2024;2024-07-26;77916,60;Paga;NAO;NAO;NAO;0
46635;GERAL;;06/2024;26/06/2024;2024-07-26;8768,41;Paga;NAO;NAO;NAO;0
46632;GERAL;;06/2024;26/06/2024;2024-07-26;17968,98;Paga;NAO;NAO;NAO;0
46637;GERAL;;06/2024;26/06/2024;2024-07-26;146012,35;Paga;NAO;NAO;NAO;0
46636;GERAL;;06/2024;26/06/2024;2024-07-26;4704,41;Paga;NAO;NAO;NAO;0
46631;GERAL;;06/2024;26/06/2024;2024-07-26;106227,99;Paga;NAO;NAO;NAO;0
46633;GERAL;;06/2024;26/06/2024;2024-07-26;48079,68;Paga;NAO;NAO;NAO;0
46673;GERAL;;06/2024;27/06/2024;2024-07-27;24093,86;Paga;NAO;NAO;NAO;0
46701;GERAL;;06/2024;27/06/2024;2024-07-27;6350,64;Paga;NAO;NAO;NAO;0
46671;GERAL;;06/2024;27/06/2024;2024-07-27;104964,64;Paga;NAO;NAO;NAO;0
46672;GERAL;;06/2024;27/06/2024;2024-07-27;143174,25;Paga;NAO;NAO;NAO;0
46674;GERAL;;06/2024;27/06/2024;2024-07-27;64466,50;Paga;NAO;NAO;NAO;0
46702;GERAL;;06/2024;27/06/2024;2024-07-27;11836,76;Paga;NAO;NAO;NAO;0
47329;GERAL;;07/2024;26/07/2024;2024-08-25;30119,83;Paga;NAO;NAO;NAO;0
47328;GERAL;;07/2024;26/07/2024;2024-08-25;121,96;Paga;NAO;NAO;NAO;0
47327;GERAL;;07/2024;26/07/2024;2024-08-25;35990,46;Paga;NAO;NAO;NAO;0
151907;GERAL;;07/2024;26/07/2024;2024-08-25;86148,00;Paga;NAO;NAO;NAO;0
47330;GERAL;;07/2024;26/07/2024;2024-08-25;147897,68;Paga;NAO;NAO;NAO;0
47331;GERAL;;07/2024;26/07/2024;2024-08-25;35663,84;Paga;NAO;NAO;NAO;0
47353;GERAL;;07/2024;29/07/2024;2024-08-28;146012,35;Paga;NAO;NAO;NAO;0
47447;GERAL;;07/2024;31/07/2024;2024-08-30;11207,02;Paga;NAO;NAO;NAO;0
47444;GERAL;;07/2024;31/07/2024;2024-08-30;7130,75;Paga;NAO;NAO;NAO;0
47445;GERAL;;07/2024;31/07/2024;2024-08-30;273409,79;Paga;NAO;NAO;NAO;0
47448;GERAL;;07/2024;31/07/2024;2024-08-30;20888,40;Paga;NAO;NAO;NAO;0
47442;GERAL;;07/2024;31/07/2024;2024-08-30;41791,12;Paga;NAO;NAO;NAO;0
47446;GERAL;;07/2024;31/07/2024;2024-08-30;114100,00;Paga;NAO;NAO;NAO;0
152113;GERAL;;08/2024;23/08/2024;2024-09-22;31587,60;Paga;NAO;NAO;NAO;0
47971;GERAL;;08/2024;23/08/2024;2024-09-22;13076,74;Paga;NAO;NAO;NAO;0
47972;GERAL;;08/2024;23/08/2024;2024-09-22;11043,94;Paga;NAO;NAO;NAO;0
47970;GERAL;;08/2024;23/08/2024;2024-09-22;55009,43;Paga;NAO;NAO;NAO;0
48061;GERAL;;08/2024;26/08/2024;2024-09-25;146012,35;Paga;NAO;NAO;NAO;0
48060;GERAL;;08/2024;26/08/2024;2024-09-25;121,96;Paga;NAO;NAO;NAO;0
48059;GERAL;;08/2024;26/08/2024;2024-09-25;35990,46;Paga;NAO;NAO;NAO;0
48066;GERAL;;08/2024;27/08/2024;2024-09-26;95016,30;Paga;NAO;NAO;NAO;0
152706;GERAL;;08/2024;27/08/2024;2024-09-26;54560,40;Paga;NAO;NAO;NAO;0
48065;GERAL;;08/2024;27/08/2024;2024-09-26;19075,89;Paga;NAO;NAO;NAO;0
48064;GERAL;;08/2024;27/08/2024;2024-09-26;22587,10;Paga;NAO;NAO;NAO;0
48187;GERAL;;08/2024;30/08/2024;2024-09-29;11207,02;Paga;NAO;NAO;NAO;0
48186;GERAL;;08/2024;30/08/2024;2024-09-29;20888,40;Paga;NAO;NAO;NAO;0
48184;GERAL;;08/2024;30/08/2024;2024-09-29;42644,00;Paga;NAO;NAO;NAO;0
48185;GERAL;;08/2024;30/08/2024;2024-09-29;254107,78;Paga;NAO;NAO;NAO;0
48183;GERAL;;08/2024;30/08/2024;2024-09-29;114100,00;Paga;NAO;NAO;NAO;0
48182;GERAL;;08/2024;30/08/2024;2024-09-29;185399,50;Paga;NAO;NAO;NAO;0
48822;GERAL;;09/2024;27/09/2024;2024-10-27;121,96;Paga;NAO;NAO;NAO;0
48823;GERAL;;09/2024;27/09/2024;2024-10-27;35990,46;Paga;NAO;NAO;NAO;0
48826;GERAL;;09/2024;27/09/2024;2024-10-27;35663,84;Paga;NAO;NAO;NAO;0
48825;GERAL;;09/2024;27/09/2024;2024-10-27;150025,73;Paga;NAO;NAO;NAO;0
153477;GERAL;;09/2024;27/09/2024;2024-10-27;86148,00;Paga;NAO;NAO;NAO;0
48827;GERAL;;09/2024;27/09/2024;2024-10-27;146012,35;Paga;NAO;NAO;NAO;0
48824;GERAL;;09/2024;27/09/2024;2024-10-27;30119,83;Paga;NAO;NAO;NAO;0
48908;GERAL;;09/2024;30/09/2024;2024-10-30;11207,02;Paga;NAO;NAO;NAO;0
48906;GERAL;;09/2024;30/09/2024;2024-10-30;114100,00;Paga;NAO;NAO;NAO;0
48907;GERAL;;09/2024;30/09/2024;2024-10-30;254107,78;Paga;NAO;NAO;NAO;0
48909;GERAL;;09/2024;30/09/2024;2024-10-30;20888,40;Paga;NAO;NAO;NAO;0
48905;GERAL;;09/2024;30/09/2024;2024-10-30;185399,50;Paga;NAO;NAO;NAO;0
48904;GERAL;;09/2024;30/09/2024;2024-10-30;42644,00;Paga;NAO;NAO;NAO;0
49489;GERAL;;10/2024;29/10/2024;2024-11-28;145769,63;Paga;NAO;NAO;NAO;0
49488;GERAL;;10/2024;29/10/2024;2024-11-28;35990,46;Paga;NAO;NAO;NAO;0
49491;GERAL;;10/2024;29/10/2024;2024-11-28;35663,84;Paga;NAO;NAO;NAO;0
49487;GERAL;;10/2024;29/10/2024;2024-11-28;121,96;Paga;NAO;NAO;NAO;0
154251;GERAL;;10/2024;29/10/2024;2024-11-28;86148,00;Paga;NAO;NAO;NAO;0
49509;GERAL;;10/2024;29/10/2024;2024-11-28;146012,35;Paga;NAO;NAO;NAO;0
49490;GERAL;;10/2024;29/10/2024;2024-11-28;30119,83;Paga;NAO;NAO;NAO;0
49528;GERAL;;10/2024;30/10/2024;2024-11-29;254107,78;Paga;NAO;NAO;NAO;0
49531;GERAL;;10/2024;30/10/2024;2024-11-29;20888,40;Paga;NAO;NAO;NAO;0
49529;GERAL;;10/2024;30/10/2024;2024-11-29;42644,00;Paga;NAO;NAO;NAO;0
49530;GERAL;;10/2024;30/10/2024;2024-11-29;11207,02;Paga;NAO;NAO;NAO;0
49527;GERAL;;10/2024;30/10/2024;2024-11-29;185399,50;Paga;NAO;NAO;NAO;0
49526;GERAL;;10/2024;30/10/2024;2024-11-29;114100,00;Paga;NAO;NAO;NAO;0
50250;GERAL;;11/2024;25/11/2024;2024-12-25;145769,63;Paga;NAO;NAO;NAO;0
50252;GERAL;;11/2024;25/11/2024;2024-12-25;30119,83;Paga;NAO;NAO;NAO;0
50201;GERAL;;11/2024;25/11/2024;2024-12-25;121,96;Paga;NAO;NAO;NAO;0
50251;GERAL;;11/2024;25/11/2024;2024-12-25;35663,84;Paga;NAO;NAO;NAO;0
50249;GERAL;;11/2024;25/11/2024;2024-12-25;86148,00;Paga;NAO;NAO;NAO;0
50200;GERAL;;11/2024;25/11/2024;2024-12-25;35990,46;Paga;NAO;NAO;NAO;0
50284;GERAL;;11/2024;26/11/2024;2024-12-26;146012,35;Paga;NAO;NAO;NAO;0
50338;GERAL;;11/2024;27/11/2024;2024-12-27;152082,87;Paga;NAO;NAO;NAO;0
50339;GERAL;;11/2024;27/11/2024;2024-12-27;6845,52;Paga;NAO;NAO;NAO;0
50343;GERAL;;11/2024;27/11/2024;2024-12-27;11207,02;Paga;NAO;NAO;NAO;0
50340;GERAL;;11/2024;27/11/2024;2024-12-27;9381,68;Paga;NAO;NAO;NAO;0
50341;GERAL;;11/2024;27/11/2024;2024-12-27;114100,00;Paga;NAO;NAO;NAO;0
50342;GERAL;;11/2024;27/11/2024;2024-12-27;20888,40;Paga;NAO;NAO;NAO;0
50539;GERAL;;12/2024;04/12/2024;2025-01-03;121,96;Paga;NAO;NAO;NAO;0
50541;GERAL;;12/2024;04/12/2024;2025-01-03;35990,46;Paga;NAO;NAO;NAO;0
50627;GERAL;;12/2024;06/12/2024;2025-01-05;145769,63;Paga;NAO;NAO;NAO;0
50630;GERAL;;12/2024;06/12/2024;2025-01-05;86148,00;Paga;NAO;NAO;NAO;0
50629;GERAL;;12/2024;06/12/2024;2025-01-05;35663,84;Paga;NAO;NAO;NAO;0
50628;GERAL;;12/2024;06/12/2024;2025-01-05;30119,83;Paga;NAO;NAO;NAO;0
50829;GERAL;;12/2024;16/12/2024;2025-01-15;20888,40;Paga;NAO;NAO;NAO;0
50828;GERAL;;12/2024;16/12/2024;2025-01-15;6845,52;Paga;NAO;NAO;NAO;0
50830;GERAL;;12/2024;16/12/2024;2025-01-15;11207,02;Paga;NAO;NAO;NAO;0
50827;GERAL;;12/2024;16/12/2024;2025-01-15;114100,00;Paga;NAO;NAO;NAO;0
50826;GERAL;;12/2024;16/12/2024;2025-01-15;82298,68;Paga;NAO;NAO;NAO;0
50825;GERAL;;12/2024;16/12/2024;2025-01-15;9381,68;Paga;NAO;NAO;NAO;0
50901;GERAL;;12/2024;19/12/2024;2025-01-18;146012,35;Paga;NAO;NAO;NAO;0
51818;GERAL;;01/2025;27/01/2025;2025-02-26;121,96;Paga;NAO;NAO;NAO;0
51817;GERAL;;01/2025;27/01/2025;2025-02-26;35990,46;Paga;NAO;NAO;NAO;0
51851;GERAL;;01/2025;29/01/2025;2025-02-28;146012,35;Paga;NAO;NAO;NAO;0
51847;GERAL;;01/2025;29/01/2025;2025-02-28;141513,53;Paga;NAO;NAO;NAO;0
51850;GERAL;;01/2025;29/01/2025;2025-02-28;86148,00;Paga;NAO;NAO;NAO;0
51848;GERAL;;01/2025;29/01/2025;2025-02-28;30119,83;Paga;NAO;NAO;NAO;0
51849;GERAL;;01/2025;29/01/2025;2025-02-28;35663,84;Paga;NAO;NAO;NAO;0
51942;GERAL;;01/2025;31/01/2025;2025-03-02;11207,02;Paga;NAO;NAO;NAO;0
51939;GERAL;;01/2025;31/01/2025;2025-03-02;9381,68;Paga;NAO;NAO;NAO;0
51941;GERAL;;01/2025;31/01/2025;2025-03-02;20888,40;Paga;NAO;NAO;NAO;0
51938;GERAL;;01/2025;31/01/2025;2025-03-02;130447,65;Paga;NAO;NAO;NAO;0
51940;GERAL;;01/2025;31/01/2025;2025-03-02;8842,13;Paga;NAO;NAO;NAO;0
51943;GERAL;;01/2025;31/01/2025;2025-03-02;114100,00;Paga;NAO;NAO;NAO;0
52583;GERAL;;02/2025;24/02/2025;2025-03-26;146012,35;Paga;NAO;NAO;NAO;0
52640;GERAL;;02/2025;26/02/2025;2025-03-28;86148,00;Cancelada;NAO;NAO;NAO;0
52776;GERAL;;02/2025;26/02/2025;2025-03-28;86036,00;Paga;NAO;NAO;NAO;0
52638;GERAL;;02/2025;26/02/2025;2025-03-28;121,96;Paga;NAO;NAO;NAO;0
52639;GERAL;;02/2025;26/02/2025;2025-03-28;27802,92;Paga;NAO;NAO;NAO;0
52777;GERAL;;02/2025;26/02/2025;2025-03-28;29958,03;Paga;NAO;NAO;NAO;0
52642;GERAL;;02/2025;26/02/2025;2025-03-28;139385,48;Cancelada;NAO;NAO;NAO;0
52637;GERAL;;02/2025;26/02/2025;2025-03-28;35990,46;Paga;NAO;NAO;NAO;0
52778;GERAL;;02/2025;26/02/2025;2025-03-28;139386,27;Paga;NAO;NAO;NAO;0
52641;GERAL;;02/2025;26/02/2025;2025-03-28;32453,69;Cancelada;NAO;NAO;NAO;0
52712;GERAL;;02/2025;28/02/2025;2025-03-30;31928,65;Paga;NAO;NAO;NAO;0
52716;GERAL;;02/2025;28/02/2025;2025-03-30;20888,40;Paga;NAO;NAO;NAO;0
52714;GERAL;;02/2025;28/02/2025;2025-03-30;9381,68;Paga;NAO;NAO;NAO;0
52715;GERAL;;02/2025;28/02/2025;2025-03-30;122175,36;Paga;NAO;NAO;NAO;0
52717;GERAL;;02/2025;28/02/2025;2025-03-30;11207,02;Paga;NAO;NAO;NAO;0
52713;GERAL;;02/2025;28/02/2025;2025-03-30;114100,00;Paga;NAO;NAO;NAO;0
53358;GERAL;;03/2025;25/03/2025;2025-04-24;121,96;Paga;NAO;NAO;NAO;0
53359;GERAL;;03/2025;25/03/2025;2025-04-24;35990,46;Paga;NAO;NAO;NAO;0
53361;GERAL;;03/2025;25/03/2025;2025-04-24;139386,27;Paga;NAO;NAO;NAO;0
53362;GERAL;;03/2025;25/03/2025;2025-04-24;86036,00;Paga;NAO;NAO;NAO;0
53363;GERAL;;03/2025;25/03/2025;2025-04-24;29958,03;Paga;NAO;NAO;NAO;0
53360;GERAL;;03/2025;25/03/2025;2025-04-24;27802,92;Paga;NAO;NAO;NAO;0
53412;GERAL;;03/2025;26/03/2025;2025-04-25;146012,35;Paga;NAO;NAO;NAO;0
53506;GERAL;;03/2025;28/03/2025;2025-04-27;114100,00;Paga;NAO;NAO;NAO;0
53505;GERAL;;03/2025;28/03/2025;2025-04-27;114539,40;Paga;NAO;NAO;NAO;0
53508;GERAL;;03/2025;28/03/2025;2025-04-27;11207,02;Paga;NAO;NAO;NAO;0
53504;GERAL;;03/2025;28/03/2025;2025-04-27;22818,40;Paga;NAO;NAO;NAO;0
53507;GERAL;;03/2025;28/03/2025;2025-04-27;20888,40;Paga;NAO;NAO;NAO;0
53503;GERAL;;03/2025;28/03/2025;2025-04-27;9381,68;Paga;NAO;NAO;NAO;0
54130;GERAL;;04/2025;25/04/2025;2025-05-25;27802,92;Paga;NAO;NAO;NAO;0
54129;GERAL;;04/2025;25/04/2025;2025-05-25;139386,27;Paga;NAO;NAO;NAO;0
54126;GERAL;;04/2025;25/04/2025;2025-05-25;35990,46;Paga;NAO;NAO;NAO;0
54128;GERAL;;04/2025;25/04/2025;2025-05-25;29958,03;Paga;NAO;NAO;NAO;0
54127;GERAL;;04/2025;25/04/2025;2025-05-25;121,96;Paga;NAO;NAO;NAO;0
54131;GERAL;;04/2025;25/04/2025;2025-05-25;86036,00;Paga;NAO;NAO;NAO;0
54205;GERAL;;04/2025;28/04/2025;2025-05-28;11207,02;Paga;NAO;NAO;NAO;0
54203;GERAL;;04/2025;28/04/2025;2025-05-28;114751,51;Paga;NAO;NAO;NAO;0
54200;GERAL;;04/2025;28/04/2025;2025-05-28;114100,00;Paga;NAO;NAO;NAO;0
54202;GERAL;;04/2025;28/04/2025;2025-05-28;20888,40;Paga;NAO;NAO;NAO;0
54201;GERAL;;04/2025;28/04/2025;2025-05-28;9381,68;Paga;NAO;NAO;NAO;0
54204;GERAL;;04/2025;28/04/2025;2025-05-28;22818,40;Paga;NAO;NAO;NAO;0
54193;GERAL;;04/2025;28/04/2025;2025-05-28;146012,35;Paga;NAO;NAO;NAO;0
54938;GERAL;;05/2025;26/05/2025;2025-06-25;27802,92;Paga;NAO;NAO;NAO;0
54936;GERAL;;05/2025;26/05/2025;2025-06-25;86036,00;Paga;NAO;NAO;NAO;0
54933;GERAL;;05/2025;26/05/2025;2025-06-25;121,96;Paga;NAO;NAO;NAO;0
54935;GERAL;;05/2025;26/05/2025;2025-06-25;147898,47;Paga;NAO;NAO;NAO;0
54934;GERAL;;05/2025;26/05/2025;2025-06-25;35990,46;Paga;NAO;NAO;NAO;0
54937;GERAL;;05/2025;26/05/2025;2025-06-25;29958,03;Paga;NAO;NAO;NAO;0
54987;GERAL;;05/2025;27/05/2025;2025-06-26;113903,07;Paga;NAO;NAO;NAO;0
54985;GERAL;;05/2025;27/05/2025;2025-06-26;20888,40;Paga;NAO;NAO;NAO;0
54988;GERAL;;05/2025;27/05/2025;2025-06-26;11207,02;Paga;NAO;NAO;NAO;0
54990;GERAL;;05/2025;27/05/2025;2025-06-26;114100,00;Paga;NAO;NAO;NAO;0
54983;GERAL;;05/2025;27/05/2025;2025-06-26;146012,35;Paga;NAO;NAO;NAO;0
54986;GERAL;;05/2025;27/05/2025;2025-06-26;22721,42;Paga;NAO;NAO;NAO;0
54989;GERAL;;05/2025;27/05/2025;2025-06-26;9381,68;Paga;NAO;NAO;NAO;0
55677;GERAL;;06/2025;25/06/2025;2025-07-25;121,96;Paga;NAO;NAO;NAO;0
55676;GERAL;;06/2025;25/06/2025;2025-07-25;35990,46;Paga;NAO;NAO;NAO;0
55679;GERAL;;06/2025;25/06/2025;2025-07-25;147898,47;Paga;NAO;NAO;NAO;0
55680;GERAL;;06/2025;25/06/2025;2025-07-25;86036,00;Paga;NAO;NAO;NAO;0
55695;GERAL;;06/2025;25/06/2025;2025-07-25;146012,35;Paga;NAO;NAO;NAO;0
55681;GERAL;;06/2025;25/06/2025;2025-07-25;27802,92;Paga;NAO;NAO;NAO;0
55678;GERAL;;06/2025;25/06/2025;2025-07-25;29958,03;Paga;NAO;NAO;NAO;0
55738;GERAL;;06/2025;26/06/2025;2025-07-26;49633,50;Cancelada;NAO;NAO;NAO;0
55936;GERAL;;06/2025;11/07/2025;2025-08-10;90949,39;Paga;NAO;NAO;NAO;0
55937;GERAL;;06/2025;11/07/2025;2025-08-10;51258,50;Paga;NAO;NAO;NAO;0
55938;GERAL;;06/2025;11/07/2025;2025-08-10;69550,49;Paga;NAO;NAO;NAO;0
55935;GERAL;;06/2025;11/07/2025;2025-08-10;67024,64;Paga;NAO;NAO;NAO;0
56474;GERAL;;07/2025;25/07/2025;2025-08-24;147898,47;Paga;NAO;NAO;NAO;0
56471;GERAL;;07/2025;25/07/2025;2025-08-24;29958,03;Paga;NAO;NAO;NAO;0
56470;GERAL;;07/2025;25/07/2025;2025-08-24;35990,46;Paga;NAO;NAO;NAO;0
56472;GERAL;;07/2025;25/07/2025;2025-08-24;86036,00;Paga;NAO;NAO;NAO;0
56473;GERAL;;07/2025;25/07/2025;2025-08-24;27802,92;Paga;NAO;NAO;NAO;0
56469;GERAL;;07/2025;25/07/2025;2025-08-24;121,96;Paga;NAO;NAO;NAO;0
56507;GERAL;;07/2025;28/07/2025;2025-08-27;146012,35;Paga;NAO;NAO;NAO;0
57249;GERAL;;08/2025;25/08/2025;2025-09-24;42644,00;Paga;NAO;NAO;NAO;0
57239;GERAL;;08/2025;25/08/2025;2025-09-24;20586,15;Paga;NAO;NAO;NAO;0
57241;GERAL;;08/2025;25/08/2025;2025-09-24;19105,26;Paga;NAO;NAO;NAO;0
57252;GERAL;;08/2025;25/08/2025;2025-09-24;20888,40;Paga;NAO;NAO;NAO;0
57248;GERAL;;08/2025;25/08/2025;2025-09-24;114100,00;Paga;NAO;NAO;NAO;0
57240;GERAL;;08/2025;25/08/2025;2025-09-24;42157,89;Paga;NAO;NAO;NAO;0
57238;GERAL;;08/2025;25/08/2025;2025-09-24;101630,72;Paga;NAO;NAO;NAO;0
57253;GERAL;;08/2025;25/08/2025;2025-09-24;158234,06;Paga;NAO;NAO;NAO;0
57251;GERAL;;08/2025;25/08/2025;2025-09-24;185399,50;Paga;NAO;NAO;NAO;0
57250;GERAL;;08/2025;25/08/2025;2025-09-24;11207,02;Paga;NAO;NAO;NAO;0
57276;GERAL;;08/2025;26/08/2025;2025-09-25;146012,35;Paga;NAO;NAO;NAO;0
58059;GERAL;;09/2025;25/09/2025;2025-10-25;146012,35;Paga;NAO;NAO;NAO;0
58815;GERAL;;10/2025;23/10/2025;2025-11-22;146012,35;Paga;NAO;NAO;NAO;0
58872;GERAL;;10/2025;29/10/2025;2025-11-28;68299,42;Paga;NAO;NAO;NAO;0
58871;GERAL;;10/2025;29/10/2025;2025-11-28;121,96;Paga;NAO;NAO;NAO;0
58877;GERAL;;10/2025;29/10/2025;2025-11-28;114100,00;Paga;NAO;NAO;NAO;0
58870;GERAL;;10/2025;29/10/2025;2025-11-28;35990,46;Paga;NAO;NAO;NAO;0
58875;GERAL;;10/2025;29/10/2025;2025-11-28;4477,62;Paga;NAO;NAO;NAO;0
58876;GERAL;;10/2025;29/10/2025;2025-11-28;32481,99;Paga;NAO;NAO;NAO;0
58873;GERAL;;10/2025;29/10/2025;2025-11-28;11207,02;Paga;NAO;NAO;NAO;0
58874;GERAL;;10/2025;29/10/2025;2025-11-28;20888,40;Paga;NAO;NAO;NAO;0
59571;GERAL;;11/2025;25/11/2025;2025-12-25;32504,44;Paga;NAO;NAO;NAO;0
59568;GERAL;;11/2025;25/11/2025;2025-12-25;30166,20;Paga;NAO;NAO;NAO;0
59661;GERAL;;11/2025;25/11/2025;2025-12-25;35653,75;Paga;NAO;NAO;NAO;0
59564;GERAL;;11/2025;25/11/2025;2025-12-25;35990,46;Paga;NAO;NAO;NAO;0
59655;GERAL;;11/2025;25/11/2025;2025-12-25;146012,35;Paga;NAO;NAO;NAO;0
59658;GERAL;;11/2025;25/11/2025;2025-12-25;91154,27;Paga;NAO;NAO;NAO;0
59659;GERAL;;11/2025;25/11/2025;2025-12-25;4477,62;Paga;NAO;NAO;NAO;0
59657;GERAL;;11/2025;25/11/2025;2025-12-25;11207,02;Paga;NAO;NAO;NAO;0
59662;GERAL;;11/2025;25/11/2025;2025-12-25;20888,40;Paga;NAO;NAO;NAO;0
59566;GERAL;;11/2025;25/11/2025;2025-12-25;160469,55;Paga;NAO;NAO;NAO;0
59660;GERAL;;11/2025;25/11/2025;2025-12-25;114100,00;Paga;NAO;NAO;NAO;0
59567;GERAL;;11/2025;25/11/2025;2025-12-25;66565,09;Paga;NAO;NAO;NAO;0
59565;GERAL;;11/2025;25/11/2025;2025-12-25;121,96;Paga;NAO;NAO;NAO;0
59933;GERAL;;12/2025;02/12/2025;2026-01-01;32504,44;Paga;NAO;NAO;NAO;0
59935;GERAL;;12/2025;02/12/2025;2026-01-01;66565,09;Paga;NAO;NAO;NAO;0
59934;GERAL;;12/2025;02/12/2025;2026-01-01;30166,20;Paga;NAO;NAO;NAO;0
59932;GERAL;;12/2025;02/12/2025;2026-01-01;160469,55;Paga;NAO;NAO;NAO;0
60237;GERAL;;12/2025;19/12/2025;2026-01-18;146012,35;Paga;NAO;NAO;NAO;0
60303;GERAL;;12/2025;22/12/2025;2026-01-21;114100,00;Paga;NAO;NAO;NAO;0
60302;GERAL;;12/2025;22/12/2025;2026-01-21;35653,75;Paga;NAO;NAO;NAO;0
60304;GERAL;;12/2025;22/12/2025;2026-01-21;73040,08;Paga;NAO;NAO;NAO;0
60305;GERAL;;12/2025;22/12/2025;2026-01-21;4477,62;Paga;NAO;NAO;NAO;0
60306;GERAL;;12/2025;22/12/2025;2026-01-21;11207,02;Paga;NAO;NAO;NAO;0
60308;GERAL;;12/2025;22/12/2025;2026-01-21;20888,40;Paga;NAO;NAO;NAO;0
609;GERAL;;01/2026;29/01/2026;2026-02-28;114100,00;Paga;NAO;NAO;NAO;0
498;GERAL;;01/2026;29/01/2026;2026-02-28;35990,46;Paga;NAO;NAO;NAO;0
613;GERAL;;01/2026;29/01/2026;2026-02-28;146012,35;Paga;NAO;NAO;NAO;0
610;GERAL;;01/2026;29/01/2026;2026-02-28;20888,40;Paga;NAO;NAO;NAO;0
607;GERAL;;01/2026;29/01/2026;2026-02-28;86492,09;Paga;NAO;NAO;NAO;0
608;GERAL;;01/2026;29/01/2026;2026-02-28;49236,40;Paga;NAO;NAO;NAO;0
612;GERAL;;01/2026;29/01/2026;2026-02-28;4477,62;Paga;NAO;NAO;NAO;0
502;GERAL;;01/2026;29/01/2026;2026-02-28;30166,20;Paga;NAO;NAO;NAO;0
611;GERAL;;01/2026;29/01/2026;2026-02-28;11207,02;Paga;NAO;NAO;NAO;0
499;GERAL;;01/2026;29/01/2026;2026-02-28;121,96;Paga;NAO;NAO;NAO;0
501;GERAL;;01/2026;29/01/2026;2026-02-28;66565,09;Paga;NAO;NAO;NAO;0
503;GERAL;;01/2026;29/01/2026;2026-02-28;32504,44;Paga;NAO;NAO;NAO;0
500;GERAL;;01/2026;29/01/2026;2026-02-28;160469,55;Paga;NAO;NAO;NAO;0
